2021/01/11;11 Hours, 5 Minutes and 6 Seconds
2021/01/10;8 Hours, 18 Minutes and 41 Seconds
2021/01/09;13 Hours, 39 Minutes and 50 Seconds
2021/01/08;5 Hours, 19 Minutes and 16 Seconds
2021/01/07;2 Hours, 8 Minutes and 33 Seconds
2021/01/06;1 Hours, 22 Minutes and 16 Seconds
2021/01/05;4 Hours, 19 Minutes and 1 Seconds
2021/01/04;1 Hours, 47 Minutes and 59 Seconds
2021/01/03;5 Hours, 45 Minutes and 48 Seconds
2021/01/02;3 Hours, 5 Minutes and 34 Seconds
2021/01/01;4 Hours, 42 Minutes and 25 Seconds
2020/12/31;1 Hours, 52 Minutes and 33 Seconds
2020/12/30;6 Hours, 48 Minutes and 32 Seconds
2020/12/29;15 Hours, 15 Minutes and 58 Seconds
2020/12/28;4 Hours, 7 Minutes and 36 Seconds
2020/12/27;5 Hours, 47 Minutes and 2 Seconds
2020/12/26;3 Hours, 11 Minutes and 13 Seconds
2020/12/25;1 Hours, 57 Minutes and 31 Seconds
2020/12/24;2 Hours, 19 Minutes and 1 Seconds
2020/12/23;0 Hours, 19 Minutes and 35 Seconds
2020/12/22;6 Hours, 58 Minutes and 27 Seconds
2020/12/21;9 Hours, 34 Minutes and 51 Seconds
2020/12/20;2 Hours, 0 Minutes and 1 Seconds
2020/12/19;7 Hours, 38 Minutes and 50 Seconds
2020/12/18;2 Hours, 31 Minutes and 33 Seconds
2020/12/17;8 Hours, 14 Minutes and 25 Seconds
2020/12/16;7 Hours, 23 Minutes and 48 Seconds
2020/12/15;18 Hours, 49 Minutes and 51 Seconds
2020/12/14;3 Hours, 8 Minutes and 47 Seconds
2020/12/13;7 Hours, 55 Minutes and 28 Seconds
2020/12/12;0 Hours, 57 Minutes and 10 Seconds
2020/12/11;13 Hours, 37 Minutes and 27 Seconds
2020/12/10;2 Hours, 41 Minutes and 4 Seconds
2020/12/09;5 Hours, 27 Minutes and 37 Seconds
2020/12/08;6 Hours, 24 Minutes and 45 Seconds
2020/12/07;3 Hours, 17 Minutes and 52 Seconds
2020/12/06;9 Hours, 2 Minutes and 39 Seconds
2020/12/05;5 Hours, 3 Minutes and 49 Seconds
2020/12/04;0 Hours, 17 Minutes and 41 Seconds
2020/12/03;4 Hours, 43 Minutes and 24 Seconds
2020/12/02;11 Hours, 46 Minutes and 17 Seconds
2020/12/01;3 Hours, 53 Minutes and 35 Seconds
2020/11/30;10 Hours, 3 Minutes and 53 Seconds
2020/11/29;0 Hours, 45 Minutes and 20 Seconds
2020/11/28;2 Hours, 12 Minutes and 33 Seconds
2020/11/27;0 Hours, 27 Minutes and 49 Seconds
2020/11/26;4 Hours, 1 Minutes and 1 Seconds
2020/11/25;2 Hours, 46 Minutes and 29 Seconds
2020/11/24;8 Hours, 53 Minutes and 28 Seconds
2020/11/23;7 Hours, 47 Minutes and 52 Seconds
2020/11/22;23 Hours, 55 Minutes and 30 Seconds
2020/11/21;11 Hours, 9 Minutes and 34 Seconds
2020/11/20;5 Hours, 55 Minutes and 35 Seconds
2020/11/19;4 Hours, 50 Minutes and 45 Seconds
2020/11/18;18 Hours, 56 Minutes and 15 Seconds
