JPCooperVEVO;56
gameranx;45
HarryStylesVEVO;33
Screen Rant;32
NPR Music;30
Gamology;27
Girlfriend Reviews;26
Hollow;25
penguinz0;24
Capital FM;23
BBC Music;23
Coldplay;20
Mahogany;19
theRadBrad;18
ShawnMendesVEVO;17
BBCRadio1VEVO;17
IGN;16
johnmayerVEVO;14
billyjoelVEVO;14
Rex Orange County;13
Alex Meyers;13
SiriusXM;12
Blake McLain;12
Luke Stephens;11
H3 Podcast;11
JustinBieberVEVO;11
didjital vibe;10
PewDiePie;10
The Hollywood Reporter;10
JonasBlueVEVO;9
Rudimental;9
H3 Podcast Highlights;9
The Howard Stern Show;9
aliciakeysVEVO;9
Dan And Shay;9
AngryJoeShow;9
Nerdstalgic;9
JamesAVEVO;8
GarrettG;8
Justin Bieber;8
RoomieOfficial;8
Jeremy Jahns;7
codyates2181;6
Harry Styles;6
Ed Sheeran;6
D'Angelo Wallace;6
PlayStation Access;6
moresimsie;6
jeffbuckleyVEVO;5
Shawn Mendes;5
lilsimsie;5
HozierVEVO;5
Gilad Perry;4
Corridor Crew;4
BBC Radio 1;4
Songkick;4
choicenation;4
Chris Stuckmann;4
Teddy Swims;4
Variety;4
SquishyMuffinz;4
MaxMarkony;3
Ryan George;3
SAVAGE Actual;3
John Mayer;3
LewisCapaldiVEVO;3
GameSpot;3
PlayStation;3
Lethamyr;3
NakeyJakey;3
Dev Ed;2
Whitelight;2
GamingBolt;2
Alexander Wirth;2
Alicia Keys - Topic;2
Leroy Sanchez;2
Ethan and Hila;2
YearsAndYearsVEVO;2
AdeleVEVO;2
PS5Trophies;2
The Beatles - Topic;2
Passenger;2
Digital Foundry;2
333shouichi;2
Front Row Boston;2
Rolling Stone;2
Ruby Sessions TV;2
Piano Hits! [Pandapiano];2
Paul Davids;2
Anthony Caliber;2
LeonBridgesVEVO;2
Seamus Gorman;2
Downward Thrust;2
Arekkz Gaming;2
What'sSoGreatAboutGaming;2
Billy Joel - Topic;2
wickdeeb;1
Nexus PrO;1
Code Drip by Aaron Jack;1
TopNotch Programmer;1
CS Dojo;1
Kalle Hallden;1
Sebastien Zunino;1
RHINO;1
Radio X;1
JKjohnny;1
Frustrated Jacob;1
HiTop Films;1
Eldritch Augur;1
Voiy;1
The King's Academy, WPB, FL;1
Diego Duarte;1
Spill;1
DreamcastGuy;1
Alicia Keys;1
Jason Mraz;1
DisneyMusicVEVO;1
SigalaVEVO;1
PlayStationGrenade;1
Oasis;1
Boiler Room;1
Adele - Topic;1
Netflix Film Club;1
British GQ;1
First We Feast;1
Sony Pictures Home Entertainment;1
Looper;1
TheThings;1
Kenny Do;1
Diligent Dev;1
Jess Glynne;1
TheEllenShow;1
Vevo UK;1
NiallHoranVEVO;1
The Tonight Show Starring Jimmy Fallon;1
The Sin Squad;1
Gaming with Griff Griffin;1
SunnyDeeDee;1
WIRED;1
OnMusicGlee2;1
WatchMojo.com;1
Doctor Esport;1
Maro;1
Bitesize Piano;1
Matt Hylom;1
PHianonize;1
Marty Music;1
Starkilla;1
OneFreeMan316;1
h3h3Productions;1
BackingTracksMusic;1
MusicArt;1
letecheur Christophe;1
Nerdist;1
Nick Animation;1
Drew Gooden;1
Cr1TiKaL Full Streams - Random Videos;1
BuzzFeed Multiplayer;1
GoncaloCMota;1
JAZZ TUTORIAL;1
Screen Culture;1
LumpusKrampus;1
LazerzZ;1
Markiplier;1
Sizz;1
Sotus;1
ColdplayXtra;1
Brake Check Podcast;1
Resero;1
The Hollywood Fix;1
Cameron Bryce;1
KeaneVEVO;1
kade strunk;1
Louis Weisz;1
The Daily Buzz;1
Conrad Gonzales;1
Vicehrabě Julián;1
Andrés Rivera Espinosa;1
Magic Radio;1
AmyWinehouseVEVO;1
Sony Pictures Entertainment;1
Eilishupdates;1
JamesBayVEVO;1
Chase Eagleson;1
Leon Bridges - Topic;1
Jake Baldino;1
SahaKit;1
TripleJump;1
AP Nerds;1
Cobra Kai;1
Obtenebrator;1
Heavy Spoilers;1
Flicks And The City;1
NerdWire;1
FilmSpeak;1
First Cut;1
Blue Lotus;1
YoungRippa59;1
Sebastian Dell'Aria;1
The-Art-of-Guitar;1
Degenerate Jay;1
Janayna Almeida;1
LionelRichieVEVO;1
jishwa 44;1
EltonJohnVEVO;1
o Knightz o;1
Jamie Harrison Guitar;1
GOGO Smith;1
Schaffrillas Productions;1
CBR;1
looker;1
Should You Play It?;1
AvidAlchemist;1
The Small Workshop;1
OfficialQueenRomania;1
Darcy Ahrns;1
Mathilde Miko;1
Moving Soundcloud;1
