JP Cooper - Let It Be (The Beatles Cover);12
JP Cooper - In The Silence | Mahogany Session;11
JP Cooper - everything i wanted;11
JP Cooper - Too Close (Acoustic);10
JP Cooper - September Song (Acoustic);9
Jonas Blue - Perfect Strangers (Acoustic Video);9
Harry Styles - Falling (Official Video);9
Harry Styles - Two Ghosts (Live in Studio);9
Alicia Keys & John Mayer - If I ain't got you - Gravity (Better audio quality);9
Dan + Shay, Justin Bieber - 10,000 Hours (CMA Awards 2020);9
Rex Orange County - Pluto Projector (Live at Rak Studios);8
JP Cooper - 'September Song' (Live At Capital‚Äôs Summertime Ball 2017);8
James Arthur - Say You Won't Let Go (Acoustic Version);8
Coldplay - Everglow [Single Version] - (Official Video);8
Rex Orange County - No One (Alicia Keys Cover) [LIVE @ SiriusXM Studios];8
Harry Styles - Girl Crush (At The BBC);7
Rex Orange County: NPR Music Tiny Desk Concert;7
Harry Styles - Falling (Live From The BRIT Awards, London 2020);7
Daniel Caesar: NPR Music Tiny Desk Concert;7
John Mayer - Free Fallin' (Live at the Nokia Theatre);7
Harry Styles Covers Peter Gabriel‚Äôs ‚ÄúSledgehammer‚Äù Live on the Howard Stern Show;7
Gravity (Live in L.A.);6
Rudimental - These Days feat. Jess Glynne, Macklemore & Dan Caplen [Live at Abbey Road];6
Justin Bieber & benny blanco - Lonely (Official Acoustic Video);6
Justin Bieber - Holy (Acoustic) ft. Chance The Rapper;6
Hozier - Cherry Wine (Unplugged) | Mahogany Session;6
JP Cooper - September Song;5
Harry Styles - Sign of the Times (Live on The Graham Norton Show);5
Rex Orange County - Performing Songs From 'bcos u will never b free';5
Jonas Blue, JP Cooper - Perfect Strangers in the Live Lounge;5
Harry Styles: NPR Music Tiny Desk Concert;5
Shawn Mendes - Castle On The Hill / Treat You Better (Live At Capitals Summertime Ball);4
Jeff Buckley - Hallelujah (Official Video);4
Harry Styles - Sweet Creature (Live In Studio);4
Ed Sheeran - "Give Me Love" captured in The Live Room;4
Harry Styles - Sign Of The Times (At The BBC);4
Justin Bieber - Cold Water in the Live Lounge;4
Alicia Keys - If I Ain't Got You (Live from iTunes Festival, London, 2012);4
John Mayer with Keith Urban -  Don't Let Me down;4
John Mayer - Slow Dancing In A Burning Room (Live on Letterman);4
Mac Miller: NPR Music Tiny Desk Concert;4
The American Meltdown - H3 Podcast #230;3
Shawn Mendes - Wonder;3
Harry Styles - Carolina (At The BBC);3
Billy Joel - Only the Good Die Young (from A Matter of Trust - The Bridge to Russia);3
Coldplay - Yellow (Official Video);3
Dermot Kennedy: NPR Music Tiny Desk Concert;3
Spider-Man Remastered - Part 1 - MEET PETER PARKER 2.0 (PS5 Gameplay);3
Gravity - John Mayer (Rock in Rio);3
James Bay - Simply The Best (Tina Turner cover - Radio 2 Breakfast Show Session);3
Star Wars Jedi: Fallen Order | Girlfriend Reviews;3
Blues in A minor Backing Track;2
B.B. King - The Thrill Is Gone - Best Backing Track ( B minor );2
JP Cooper - September Song (Live at The Church);2
Jonas Blue - ‚ÄòPerfect Strangers‚Äô FT. J.P Cooper - (Live At Capital‚Äôs Jingle Bell Ball 2017);2
VFX Artists React to Bad & Great CGi 38 (ft. Andrew Kramer);2
The Batman Arkham Series | The Ultimate Critique;2
Harry Styles ‚Äì Zane Lowe ‚ÄòFine Line‚Äô Interview;2
LA Noire - The Ultimate Critique;2
Bridge Over Troubled Water - John Legend - North Sea Jazz 2013;2
Ed Sheeran - Best Part Of Me (feat. YEBBA) (Live At Abbey Road);2
Reacting to CHARLIE PUTH Tik Toks;2
Space Experts REACT to Call of Duty: Ghosts - Space Scene | Experts React;2
Billy Joel - Big Man on Mulberry Street (from A Matter of Trust - The Bridge to Russia);2
Billy Joel - Baby Grand (from A Matter of Trust - The Bridge to Russia);2
Harry Styles - Lights Up (Later... With Jools Holland);2
Let It Be (Remastered 2009);2
Shawn Mendes, Justin Bieber - Monster;2
Was James Charles Inside The Capitol Building? - H3 After Dark #18;2
Coldplay - In My Place (Official Video);2
Sharkboy and Lavagirl 2 is even dumber than the first one;2
Coldplay - Everglow (Live at Belasco Theater);2
Rex Orange County - Best Friend (EXPLICIT - Radio 1's Big Weekend 2020);2
Marvel's Spider-Man Remastered (PS5) Review;2
Special Operations Vets React to COD Modern Warfare :  Embassy Siege;2
Shawn Mendes & Justin Bieber - Monster (Live From The AMA‚Äôs / 2020);2
Dermot Kennedy ‚Äî Live in Studio;2
Shawn Mendes - Never Be Alone;2
Ed Sheeran Premieres "Hearts Don't Break Around Here" Live;2
Ed Sheeran - Don't/Loyal/No Diggity/The Next Episode/Nina (Live at the Ruby Sessions);2
Sniper REACTS to The Sniper Mission from Battlefield 3 | Experts React;2
Harry Styles - Lights Up (Live at Capital's Jingle Bell Ball 2019) | Capital;2
Jonas Blue - 'Perfect Strangers' (Live At Capital's Jingle Bell Ball 2016);2
Secret Boss in Red Dead 2;2
Ghost of Tsushima / Ending;2
Ghost of Tsushima #1 - SAMURAI TIME;2
Ghost of Tsushima - Part 1 - A SAMURAI'S BEGINNING;2
Lizzo got in trouble for... drinking a smoothie apparently.;2
JP Cooper - Bits and Pieces (Acoustic);2
Intro & Wonder (Live On The Tonight Show Starring Jimmy Fallon / The Wonder Residency Pt I / 2020);2
Is Trisha Smarter Than A 5th Grader? - Frenemies #4;2
Timoth√©e Chalamet & Emma Stone - Actors on Actors - Full Conversation;2
Pixar's Soul Is Exceptional (Review);2
Hitting my best shot yet?! - SUPERSONIC LEGEND Doubles in Rocket League;2
VFX Artists React to Bad & Great CGi 37 (ft. Freddie Wong);2
GHOST OF TSUSHIMA Walkthrough Gameplay Part 31 - GENERAL TEMUGE BOSS (PS4 PRO);2
John Mayer - Something Like Olivia (Official Acoustic Performance);2
Should You Play Stardew Valley with Your Boyfriend and Leahbee?;2
Shawn Mendes - Can't Take My Eyes Off You in the Live Lounge;2
What's So Great About Stardew Valley - What's The Point?;2
Coco - Movie Review;2
The Best & Worst Songs of 2020;2
Shawn Mendes - Intro and Wonder [Live for SiriusXM];2
Scenes from an Italian Restaurant (Live at Nassau Coliseum, Uniondale, NY - December 1982);2
GHOST OF TSUSHIMA Walkthrough Gameplay Part 1 - INTRO (PS4 PRO);2
Spec Ops: The Line - THIS GAME IS MINDBLOWING - Part 2;2
Ghost of Tsushima Review;2
How to Login to Websites With Python 3 (mechanicalsoup);1
Automatically Google login by Selenium in Python and bypass  "This browser or app may not be secure";1
Building a simple Instagram bot with Python tutorial;1
How to build an Instagram Bot that grows your account (with python);1
How To Create A Twitter Bot With Python | Build a Startup #4;1
Python Twitter Bot That Auto Likes/Retweets Tutorial;1
Build A Python App That Tracks Amazon Prices!;1
Web Scraping With Python 101;1
Sad Blues Backing Track in A minor | SZBT 510;1
Rock Blues Backing Track in A minor;1
Slow Blues || Cm || Backing Track;1
B.B. King - The Thrill Is Gone [Crossroads 2010] (Official Live Video);1
Liam Gallagher - Roll With It (Glastonbury 2019);1
Liam Gallagher - Rock ‚ÄôN‚Äô Roll Star LIVE | Radio X;1
Oasis - Rock n Roll Star (live);1
L.A. Noire Needed One More Case;1
Shawn Mendes - 'Mercy‚Äô (live at Capital‚Äôs Summertime Ball 2018);1
Shawn Mendes - 'Lost In Japan' (live at Capital's Summertime Ball 2018);1
Shawn Mendes - Lost In Japan (Live From Dick Clark‚Äôs New Year‚Äôs Rockin‚Äô Eve 2019);1
Ella Henderson - Ghost (Capital Live Session);1
Ella Henderson - I'm Not The Only One (Capital Live Session);1
Ella Henderson - Hold Back The River (James Bay cover in the Live Lounge);1
Spider-Man PS4 is a Perfect SPIDER-MAN Movie;1
Watch Dogs: 5 Years Later;1
Rust Drama;1
Marvel's Spider-Man PS4: An In-Depth Critique;1
Onlyfans Star Shares Her Craziest Orders;1
Ethan's PS5 Review;1
In Defense of Mafia 3;1
Mafia 3 wasn't as bad as you think;1
Brutally Honest Valedictorian Regrets Being Top of the Class;1
Tailor Fatshames Ethan As He‚Äôs Getting Fitted For A Tux;1
The Moment 'The Office' was Taken off Netflix;1
Harry Styles DRAGGED Over New Photos, Shuts Down Hater with 1 Tweet;1
Ain't No Sunshine;1
Battlefield 4 Campaign: 7 YEARS LATER;1
Battlefield 4 Campaign - Part 4 - ESCAPING PRISON;1
10 Years Of One Direction: Watch Party | Capital;1
Harry Styles on the Howard Stern Show (FULL Interview);1
Marvel's Spider-Man - A Critique Thing | Luke Stephens;1
Does The Spider-Man (Ps4) DLC SUCK? -  City That Never Sleeps Review!;1
Marvel's Spider-Man: The City That Never Sleeps Complete DLC Review;1
Marvel's Spider-Man (PS4) - Silver Lining DLC Review;1
Alicia Keys - Apple Music ‚ÄòALICIA‚Äô Interview;1
Coldplay: NPR Music Tiny Desk Concert;1
Jason Mraz - I Won't Give Up (Official Video);1
Ed Sheeran - Supermarket Flowers [Official Audio];1
Beauty and the Beast (From "Beauty and the Beast"/Official Video);1
Congresswoman Quotes Adolf & Blows Our Minds;1
Sigala, James Arthur - Lasting Lover (Acoustic);1
Spider-Man PS4 | 60 Easter Eggs and Secrets;1
Rudimental Perform 'These Days' Live in Leicester Square;1
Rudimental - These Days feat. Jess Glynne, Macklemore & Dan Caplen [Official Video];1
Rudimental - Sun Comes Up feat. James Arthur [Stripped Version];1
Khalid: NPR Music Tiny Desk Concert;1
Alicia Keys - Underdog (iHeart Acoustic Video);1
Alicia Keys, Brandi Carlile - A Beautiful Noise;1
Alicia Keys & John Mayer - If I ain't got you - Gravity;1
Miley Cyrus - Malibu (Live);1
Oasis - Stop Crying Your Heart Out (Official Video);1
Daniel Caesar Boiler Room London Valentine's Day Special Live Set;1
If I Ain't Got You (Piano & Vocal Version);1
SAM SMITH - I'm Not The Only One (Leroy Sanchez Cover);1
Beauty and the Beast - Leroy Sanchez & Lorea Turner  (Music Video);1
Bruno Mars covers Adele's All I Ask in the Live Lounge;1
All I Ask;1
Shawn Mendes and Alicia Keys Sing Together & Discuss Love and Anxiety | Netflix;1
Shawn Mendes opens up about dating | British GQ;1
Shawn Mendes Reveals a New Side of Himself While Eating Spicy Wings | Hot Ones;1
Shawn Mendes - The Wonder Interview with Zane Lowe (Apple Music / 2020);1
SPIDER-MAN: FAR FROM HOME (2019) ‚Äì FULL OFFICIAL GAG REEL;1
The Real Reason 3 Actors Have Played Spider-Man In 10 years;1
Spiderman 3: How Tom Holland Trains For His Own Stunts;1
Spider-Man Improvised Scenes You Thought Were Real;1
Andrew Garfield Tom Holland protecting fans from rude people;1
The Airport Lost My Pants;1
Matched up against one of the BEST 1v1 players in Rocket League..;1
VLOG 5-  ELECTRIC DESK & I GET MY MAKEUP DONE;1
Why I've Stopped Posting Reactions;1
2 HOUR SONGWRITING CHALLENGE - One Direction;1
Producer Reacts to ENTIRE Shawn Mendes Album  - Wonder;1
Producer Reacts to Justin Bieber - Holy feat. Chance The Rapper;1
Producer Reacts to Shawn Mendes & Justin Bieber  - Monster;1
Producer Reacts to Harry Styles  - Sledgehammer Live;1
Producer Reacts to Harry Styles - Falling (Live from the BRIT awards);1
Web Scraping With C# - Craigslist Scraper Tutorial;1
Producer Reacts to Harry Styles   Tiny Desk Concert;1
Reacting to the TOP 10 WORST SONGS of 2020 Feat. Roomie and Ajayll;1
Visiting Zach The Sound Lad | H3 Podcast BTS #3;1
Alicia Keys - If I Ain't Got You (Live from Apple Music Festival, London, 2016);1
Alicia Keys - Empire State of Mind (Live from Apple Music Festival, London, 2016);1
Harry Styles - Lights Up (Official Video);1
Harry Styles - Adore You (Official Video);1
Years & Years - Shine (Official Video);1
Jess Glynne - Take Me Home [One Shot];1
Adele Performs¬†'All¬†I¬†Ask';1
Adele - When We Were Young (Live at The Church Studios);1
Adele - Hometown Glory;1
Adele - Hometown Glory (Glastonbury 2016);1
JP Cooper - Full Live Set from #VevoHalloween 2017;1
JP Cooper - We Were Raised Under Grey Skies (Live at The Church);1
Loudest Game Ever Made;1
This Is Huge;1
Ethan Klein Reacts To D'Angelo Wallace Video About Frenemies;1
Special Operators React to Spec Ops the Line;1
Spec Ops REACT to Spec Ops: The Line | Experts React;1
Spider-Man (PS4) Hug it Out - KnockTogether 10 Pairs of Enemies;1
How to Get an Instant PS5 Platinum on Spider-man Remastered Using Your PS4 Exported Save;1
Most Brutal Cancellation of 2020;1
Spider-Man: Miles Morales PS5 - Part 2 - I WAS NOT EXPECTING THIS!;1
Famous Songs With & Without Autotune;1
Famous Songs VS Acoustic Versions;1
Why Singers Should STOP using Autotune;1
Assassins Creed: 14 YEARS LATER;1
SPIDER-MAN REMASTERED PS5 Walkthrough Gameplay Part 1 - INTRO (Playstation 5);1
Passenger | Fast Car (Tracy Chapman cover);1
Coldplay - The Scientist (Live in Madrid 2011);1
Spider-Man PS4: How to Unlock Spidey's Super Secret Suit;1
Marvel's Spider-Man: Miles Morales - Digital Foundry Tech Review - Welcome To The Next Generation;1
Spider-Man Remastered PS5 vs PS4 Pro + Performance Ray Tracing 60fps Mode Tested!;1
Spec Ops REACT to Call of Duty: Cold War - VIP Escort | Experts React;1
Marines REACT to FOG OF WAR from CoD: Modern Warfare | Experts React;1
Wow, starting a podcast with Trisha Paytas backfired? No way!;1
Shawn Mendes - Bad Reputation (MTV Unplugged);1
Shawn Mendes - In My Blood (Live From The MTV VMAs / 2018);1
Shawn Mendes - Mercy (Live On The Honda Stage From The Air Canada Centre);1
Niall Horan - Flicker (Acoustic);1
Billy Joel - Live at Tokyo Dome 2006 (HD);1
Billy Joel - New York State Of Mind (from Old Grey Whistle Test);1
Billy Joel - Piano Man (Official Music Video);1
Coldplay - Trouble (Official video);1
Coldplay - The Scientist (Official Video);1
Ed Sheeran - I Don't Care (Live At Abbey Road);1
Spider-Man Remastered Ending - Part 11 - PETER 2.0 CRYING (PS5 Gameplay);1
John Mayer ‚ÄúLike a Rolling Stone‚Äù Live at Howard‚Äôs Birthday Bash (2014);1
Spider-Man Remastered - Part 10 - THE FALL OF SPIDER-MAN (PS5 Gameplay);1
H.E.R.: NPR Music Tiny Desk Concert;1
Spider-Man: Miles Morales - Angry Review;1
Spider-Man: Miles Morales - Game Review;1
Marvel's Spider-Man: Miles Morales - Game Review;1
Spider-Man: Miles Morales - Before You Buy [4K];1
EVERYTHING Wrong w/ Star Wars: Rise of Skywalker!;1
JP Cooper - Colour Me In Gold | Mahogany Session;1
Moist Meter | The Devil All The Time;1
Teddy Swims - Knocks Me Off My Feet (Stevie Wonder Cover);1
Chance The Rapper: NPR Music Tiny Desk Concert;1
Spider-Man: Before You Buy;1
What Made Red Dead Redemption A BIG DEAL?;1
Police Officer REACTS to the London Mission from Call of Duty: Modern Warfare | Experts React;1
Ghost of Tsushima Is An Easy Game;1
Ethan Laughs Harder At This Than Anything Before;1
AJS November 2020 Q&A Session!;1
OJ's BAD MOVIE REVIEWS - Jiu Jitsu! [Nicolas Cage vs Space Aliens!];1
Call of Duty: Black Ops Cold War - Angry Review [Extended];1
Spec Ops REACT to the Nowhere Left To Run Mission in Call of Duty: Cold War | Experts React;1
Spec Ops REACT to Warzone | Experts React;1
Sniper REACTS to ALL GHILLIED UP mission from CoD 4: Modern Warfare | Experts React;1
Sniper REACTS to 50. Cal Sniper Mission from Medal of Honor | Experts React;1
Spec Ops REACT to the Paris Comrades Mission in Battlefield 3 | Experts React;1
Spec Ops REACT to Escape from Tarkov | Experts React;1
Spec Ops REACT to Squad | Experts React;1
Spec Ops REACT to Insurgency: Sandstorm | Experts React;1
Spec Ops REACT to ARMA 3 | Experts React;1
Spec Ops REACT to ALL GHILLIED UP mission from CoD 4: Modern Warfare | Experts React;1
Marines REACT to HUNTING PARTY from Call of Duty: Modern Warfare | Experts React;1
Marines REACT to NO RUSSIAN and FAVELA from Call of Duty: Modern Warfare 2 | Experts React;1
Marines REACT to Ghost Recon Breakpoint | Experts React;1
Metal Gear Rising: Angry Review;1
Japanese Sword Experts REACT to Metal Gear Rising: Revengeance | Experts React;1
Rex Orange County - Best Friend (Glastonbury 2019);1
Rex Orange County: Loving Is Easy;1
Capitalism, Poverty, and Ratatouille;1
28 MINDBLOWING details in The Last of Us 2 | Hidden secrets and Easter eggs;1
It‚Äôs a little tight around the ol‚Äô web shooter;1
Tom Holland, Zendaya & Jacob Batalon Answer the Web's Most Searched Questions | WIRED;1
Glad You Came - Glee [HD Full Studio];1
Rudimental - Sun Comes Up feat. James Arthur [Official Video];1
Tobey Maguire vs Andrew Garfield vs Tom Holland as Spider-Man;1
ITS BEAUTIFUL!! | Spider-Man PS4 - Part 1;1
Marzia Tells Pewds To Stop Playing Minecraft;1
Bruno Mars - When I Was Your Man (Cover);1
JP Cooper - September Song (Live) - #VevoHalloween 2017;1
Alicia Keys - "No One" (NO.1 HIT 10 YRS AGO!!) Piano Tutorial - Chords - How To Play - Cover;1
How to play "NO ONE" - Alicia Keys | Piano Tutorial;1
Let It Be - The Beatles (Matt Hylom acoustic cover);1
Let It Be - The Beatles | VERY EASY Piano Tutorial;1
JP Cooper - September Song (in the Live Lounge);1
Toy Story Theme Song - You've Got a Friend in Me Guitar Lesson + Tutorial;1
Sekiro | Very Easy Game;1
Charlie Puth - How Long;1
Lewis Capaldi - Someone You Loved;1
Lewis Capaldi - Bruises (Official Video);1
Coldplay - Fix You (Live In S√£o Paulo);1
Rex Orange County performs "Loving is Easy" live at Rockwood Music Hall;1
Moist Meter | Cyberpunk 2077;1
Moist Meter | Spider-Man: Miles Morales;1
Moist Meter | Marvel's Spider-Man;1
Moist Meter | Ghost of Tsushima;1
Tsushima Is Saved;1
Japanese Sword Experts RECREATE moves from The Witcher | Experts Try;1
Every Possible Mistake in Red Dead Redemption 2;1
Far Cry 5;1
Just Cause 4;1
JAZZ GUITAR ESSENTIALS: What everyone should know;1
ONE THING everyone seems to get wrong about CHORDS & KEYS;1
Content Court: Jared Leto;1
We moved to LA!;1
The Last of Us - Joel's Sarcasm;1
10 Hours Stuck in IKEA;1
Fat Idiot Gains 100 Pounds At Costco;1
Rex Orange County - Loving Is Easy (EXPLICIT - Radio 1's Big Weekend 2020);1
JP Cooper - 'Perfect Strangers' (Live At Capital‚Äôs Summertime Ball 2017);1
JP Cooper - One More Time/Again (Craig David/Fetty Wap mash-up) in the Live Lounge;1
We Made The Only Honest Award Show - Introducing The Steamies - Frenemies #15;1
Differences Between PS4 and PS5 in The Last of Us;1
Jimi Hendrix - All Along The Watchtower - Backing Track With Lyrics ·¥¥·¥∞;1
Medium Funky Blues Backing Track in E minor;1
Guitar backing track in C Major  - Pop style;1
Louis Armstrong - What a wonderful world  ( 1967 );1
Ex-Mob Boss Reveals The Top 5 Things Mafia Definitive Edition Gets Right;1
"SpongeBob SquarePants" Theme Song (NEW HD) | Episode Opening Credits | Nick Animation;1
Mafia 2: Definitive Edition Review - A Lazy Remaster;1
GameSpot Reviews - Mafia II Review;1
Mafia II Review;1
Mafia: Definitive Edition Review;1
H3 Podcast #7 - Post Malone & Joji;1
H3 Podcast #39 - Post Malone;1
Let's Leave Pranks in 2020;1
moistcr1tikal Twitch Stream Oct 25th, 2018 [Red Dead Redemption 2];1
Mafia: Definitive Edition - Part 1 - WELCOME TO LOST HEAVEN (Mafia 1 Remake);1
Real Samurai Expert Reviews Combat in Ghost Of Tsushima ‚Ä¢ Professionals Play;1
Coldplay - Yellow (acoustic) Live @ BBC '08 [HD];1
Martial Artists REACT to The Best CQC in Video Games | Experts React;1
Sword Experts REACT to The Witcher 3 | Experts React;1
Japanese Sword Experts REACT to Ghost of Tsushima PART 2 | Experts React;1
Japanese Sword Experts REACT to Ghost of Tsushima | Experts React;1
3 SWEET MELODIC RIFFS / PATTERNS LESSON;1
Ghost of Tsushima #10 - We finishing this NOW;1
The Last of Us 2 - 10 Hour Abby Speedrun - Part 6;1
Jedi Fallen Order Grandmaster Speedrun;1
Justin Bieber - Anyone (Montage);1
LEGO Star Wars: The Skywalker Saga ‚Äì Gameplay Reveal | PS4;1
Final Fantasy VII Remake | Girlfriend Reviews;1
Mafia: Definitive Edition - Part 5 - UNDERCOVER ASSASSIN (Mafia 1 Remake);1
The Playstation 5 Reveal | Girlfriend Reviews;1
Girlfriend Reviews E3 2019;1
The Girlfriend Game Awards 2019;1
Mafia 1 REMAKE: 10 Things The Game DOESN'T TELL YOU;1
PERSONA 5 Walkthrough Gameplay Part 1 - Intro (PS4 Pro);1
Persona 5 Royal Review;1
10 More Things I Wish I Knew Before Starting Persona 5;1
Behind the Scenes of Girlfriend Reviews: The Million Subscriber Special;1
Persona 5 - Before You Buy;1
Moist Meter: Persona 5;1
Persona 5 - 6 Things You Should Know If This Is Your First Persona Game;1
Persona 5: 5 Things You NEED To Know;1
AJS News - 10 BIG Xbox Rumors, New Violence in Video Game Study, Steam Awards, Stalker 2 Trailers;1
MAFIA DEFINITIVE EDITION Walkthrough Gameplay Part 1 - INTRO (MAFIA REMAKE);1
Mafia: Definitive Edition - Part 1 - WELCOME TO CHICAGO (Mafia 1 Remake Beta);1
Mafia II: Definitive Edition - Before You Buy;1
Mafia: Definitive Edition - Before You Buy;1
UNLOCKING WAY OF THE FLAME in Ghost of Tsushima;1
Ghost of Tsushima - Part 13 - BAD ENDING (I Cried);1
The Office - The Reunion / Reboot (2021) Trailer | NBC Concept Peacock;1
You can catch the kid that steals your bag in Saint Denis?!?!?! Today I learned.;1
Ghost of Tsushima - Part 12 - ENDING (Good Ending);1
Top 30 UPCOMING Games Announced Last Year;1
PlayStation Plus Monthly Games - PS4 and PS5 - January 2021;1
GHOST OF TSUSHIMA Walkthrough Gameplay Part 43 - UNDYING FLAME (PS4 PRO);1
GHOST OF TSUSHIMA Walkthrough Gameplay Part 42 - EXILED (PS4 PRO);1
GHOST OF TSUSHIMA Walkthrough Gameplay Part 41 - GHOST ARMOR (PS4 PRO);1
GHOST OF TSUSHIMA Walkthrough Gameplay Part 40 - FATE OF TSUSHIMA (PS4 PRO);1
Assassin's Creed Odyssey Broke Me;1
Markiplier Isn't Real;1
the youtuber forced to lie about her age for years: danielle cohn;1
okay maybe your unpopular opinions should STAY unpopular???;1
Imagine getting kicked out of school for saying the N-word;1
I Messed Up;1
Facing off against Arsenal & Musty in SUPERSONIC LEGEND Doubles?! - Crazy 0 second ending...;1
I BROKE MY FINGER Mid Game doing this...;1
Harry Styles - Extended Set (Live at Capital's Jingle Bell Ball 2019) | Capital;1
Harry Styles ‚Äî Kiwi [Live for SiriusXM];1
WE WILL GET SSL RANK!;1
I'm taking a break.;1
10 Best Third Person Games of 2020;1
10 SURPRISE HITS of 2020;1
Empire State of Mind (Part II) Broken Down;1
Alicia Keys - No One (Official Video);1
Leon Bridges - River (Live on Austin City Limits);1
Harry Styles - Falling (Piano Tutorial);1
Years & Years - Shine (Visualiser);1
JP Cooper - In These Arms (Acoustic);1
Harry Styles - Treat People With Kindness (Official Video);1
Coldplay - Everglow (Alternate Music Video);1
Brake Check Podcast #3 - Ethan and Hila;1
7 Tips To Make You A Pro At Ghost of Tsushima;1
Justin Bieber Plays Guitar For Strangers At The Buckingham Palace Fountain In London, England;1
[RE-SOUND] What the Silencers in John Wick Really Sound Like;1
The Most Overplayed Songs of All Time;1
Should Your Boyfriend Play Grand Theft Auto V?;1
Red Dead Redemption 2 Revisited | Girlfriend Reviews;1
Death Stranding | Girlfriend Reviews;1
Comedy Actors Roundtable: Sacha Baron Cohen, Jim Carrey, Don Cheadle & More | Close Up;1
Actors Roundtable: Adam Driver, Shia LaBeouf, Robert De Niro, Tom Hanks, Jamie Foxx | Close Up;1
THR Full Oscar Songwriters Roundtable: Justin Timberlake, John Legend, Alicia Keys & More!;1
Directors Roundtable: Todd Phillips, Martin Scorsese, Greta Gerwig, Noah Baumbach | Close Up;1
Quentin Tarantino, Ridley Scott, Danny Boyle, & More Directors on THR's Roundtables I Oscars 2016;1
Full Actors Roundtable: Tom Hanks, Gary Oldman, John Boyega, James Franco | Close Up With THR;1
THR Full Oscar Actor's Roundtable: Andrew Garfield, Casey Affleck, Dev Patel, & More;1
THR Full Oscar Director's Roundtable: Mel Gibson, Denzel Washington, Damien Chazelle, & More;1
Will Smith, Samuel L. Jackson, Mark Ruffalo and More Actors on THR's Roundtables | Oscars 2016;1
Actors Roundtable: Chadwick Boseman, Timoth√©e Chalamet, Mahershala Ali, Viggo Mortensen | Close Up;1
Chris Evans & Scarlett Johansson - Actors on Actors - Full Conversation;1
Brad Pitt & Adam Sandler - Actor on Actors - Full Conversation;1
Passenger | Let Her Go (Official Video);1
Keane - Somewhere Only We Know (Official Video);1
Coldplay - Fix You (Official Video);1
Teddy Swims - You're Still The One (Shania Twain Cover);1
Teddy Swims - Let Me Love You (Mario Cover);1
Justin Bieber - Lonely (with benny blanco) & Holy (Live From The AMA‚Äôs / 2020);1
Justin Bieber - Holy (Live On Saturday Night Live / 2020) ft. Chance The Rapper;1
Justin Bieber, benny blanco - Lonely (Live From Saturday Night Live/2020);1
Billy Joel - Let It Be (from Live at Shea Stadium) ft. Paul McCartney;1
Shawn Mendes - Wonder | Exclusive Performance | Capital;1
Ed Sheeran - How Would You Feel (Paean) [Live];1
trisha paytas not understanding anything;1
Avengers: Infinity War Pitch Meeting;1
Captain America: Civil War Pitch Meeting;1
Captain America: The Winter Soldier Pitch Meeting;1
Captain America: The First Avenger Pitch Meeting;1
Pushing for SUPERSONIC LEGEND in Rocket League | 2v2 with JSTN | NRG GarrettG;1
Can I reach 2000 MMR in Rocket League? - 3s with JSTN and Chicago;1
This Insane Ground Pinch got us the win in a High Level Rocket League match;1
We hit this INSANE play while going for Rank #1... | SUPERSONIC LEGEND 3v3 with Musty & Jstn;1
Cobra Kai: Season 3 - Review;1
HIGH LEVEL PLAYS WITH GARRETTG AND FIREBURNER | PRO 3V3;1
I got TROLLED by Musty??? (I think) | PRO Rocket League 1v1;1
We let Musty join NRG for a day and here‚Äôs what happened... | Insane 0 second goal? | Nearing Rank 1;1
Hunting Garbage Trucks;1
How Many Slaps does it Take to Cook a Chicken?;1
SquishyMuffinz stole my RANK #1, here‚Äôs what happened next...;1
IMAGINE BEING THIS TOXIC IN DIAMOND | Road to Supersonic Legend #20;1
Why The Office Changed The Original Michael Scott;1
THE OFFICE ORIGINAL CASTING TAPES;1
Ray Park (Darth Maul) and a double-bladed lightsaber;1
The Witcher 3: Wild Hunt Geralt's fast combo;1
The Best Games of the PS4/Xbox One Generation;1
Avengers: Endgame Pitch Meeting;1
How DJ Khaled Started Saying His Name Like That;1
GHOST OF TSUSHIMA Walkthrough Gameplay Part 32 - GHOST STANCE (PS4 PRO);1
The Beatles - Let it be;1
Ed Sheeran Live FULL SHOW | Magic Radio;1
John Mayer - Daughters (Live at the Nokia Theatre - Video - PCM Stereo);1
Amy Winehouse - Back To Black;1
Ed Sheeran - Thinking Out Loud (x Acoustic Session);1
DEADLY CLASS | Official Trailer #2 | SYFY;1
Ancestors: The Humankind Odyssey ‚Äì Accolades Trailer | PS4;1
ASSASSIN'S CREED ORIGINS Walkthrough Gameplay Part 1 - Oracle (AC Origins);1
Assassin's Creed Origins Vs Odyssey - Which Is Better? | Versus;1
ASSASSIN'S CREED ODYSSEY Walkthrough Gameplay Part 1 - INTRO (AC Odyssey);1
Assassin's Creed: Origins - Before You Buy;1
Should Your Boyfriend Play Spider-Man?;1
Should Your Boyfriend Play Assassin's Creed Odyssey?;1
Billie Eilish performs for NYLON;1
James Bay - If You Ever Want To Be In Love (Acoustic);1
Teddy Swims - I Can't Make You Love Me;1
Lewis Capaldi - Someone You Loved (Live At The London Road Fire Station, Manchester, 2018);1
Fleetwood Mac - Landslide (Cover) w/ Sierra Eagleson;1
River;1
Shawn Mendes - There's Nothing Holdin' Me Back;1
Justin Bieber - Holy ft. Chance The Rapper;1
Why The Witcher 3 Will Always Be My Favourite Game;1
The Witcher 3 - Game Review;1
10 Things Witcher 3 Players HATE;1
Grounded: The Making of The Last of Us;1
The Best Games of the Decade (2010 - 2019);1
Game of the Decade: The Witcher 3;1
What Made WITCHER 3 A Big Deal?;1
Streamers Reactions to THE LAST OF US winning Game of the Year... | The Game Awards;1
Watch Dogs: Legion - Before You Buy;1
Assassin's Creed: Valhalla - Before You Buy [4K];1
Ghost of Tsushima Review After Completing the Game (Spoiler Free!);1
Can I recreate this real house in The Sims 4? (Streamed 12/29/20);1
I used a randomizer to build a house in The Sims 4;1
I tried to recreate Stardew Valley in The Sims 4;1
Should Your Boyfriend Play Zelda: Breath of the Wild?;1
Should Your Boyfriend Play The Witcher 3: The Wild Gwent?;1
Reviewing The Last of Us Part II | Girlfriend Reviews;1
Uncharted 4 is the Best Game I've Ever Watched | Girlfriend Reviews;1
Should Your Boyfriend Play God of War?;1
20 Video Games That Defined This Generation;1
Top 10 BEST PS4 Games of All Time (2013 - 2020);1
Cobra Kai Ep 2 - "Strike First" - The Karate Kid Saga Continues;1
Ellie gives Joel a compliment;1
I Killed An Entire Video Game Franchise and I'm Not Sorry;1
Should Your Boyfriend Watch Game of Thrones?;1
If Video Game Companies Made Jigsaw Puzzles;1
Should Your Boyfriend Play Sekiro: Shadows Die Twice?;1
Ghost of Tsushima | Girlfriend Reviews;1
Raising money for Indian 9 year olds. ($246'000 Raised THANK YOU);1
Dating Shows;1
Esports;1
Horror in Video Games;1
Should Your Boyfriend Play Legend of Zelda: Link's Untitled Goose Game?;1
Pok√©mon Sword & Shield | Girlfriend Reviews;1
Should Your Girlfriend Play Animal Crossing: New Horizons?;1
Coco Angry Movie Review;1
SOUL Ending Explained Breakdown, Easter Eggs, Original Endings And Full Movie Review | DISNEY;1
How Pixar Designed the Ethereal Characters of Soul (Ft. Director Pete Docter);1
THE STARDEW VALLEY UPDATE IS OUT (Streamed 12/21/20);1
How SOUL Proves THE PIXAR THEORY!;1
THANK YOU ALL For Getting My Channel Through 2020!;1
Soul Ending Explained & Easter Egg Breakdown!;1
Why Pixar's SOUL Is A MASTERPIECE | Soul Movie Review (SPOILER FREE);1
Soul SPOILER Review;1
Soul: SPOILER Review - Pixar's Latest Movie Was...;1
The Worst 5 Games of 2020;1
The Best 5 Games of 2020;1
The Cyberpunk 2077 Experience;1
A Cyberpunk Review after 170+ Hours;1
The Witcher 3 Did Something Incredible;1
Justin Bieber - Anyone (Visualizer);1
JP Cooper - Mercy (Shawn Mendes Cover);1
JP Cooper, Astrid S - Sing It With Me (Stripped Back);1
7 Things I Wish I Knew Before Starting Ghost of Tsushima;1
Dead Island - Part 7 - THE CATACOMBS;1
20 Good Things About 2020 (And 10 Things That Sucked);1
7 Deadly Videogame Sins We All Need To Confess;1
Smoothest Parkour in AC Unity;1
The Best Movies of 2020;1
Beauty and the Beast (2017) Pitch Meeting;1
STEVIE RAY VAUGHAN's 23 Greatest Guitar Techniques!;1
Ghost of Tsushima - 2020's Most Underrated Game;1
Justin Bieber - Anyone;1
Glitches in The Last of Us;1
The Last of Us - A Commentary;1
The Witcher 3: Hearts of Stone | The Ultimate Analysis;1
The Witcher 3 - The Ultimate Critique;1
Resting On (Almost) Perfect Laurels // Red Dead Redemption 2;1
Square Enix's Plan To Save Avengers - They Don't Get Why It Failed;1
Top 20 Upcoming Games of 2020 [Second Half];1
10 LONGEST Single Player Experiences of 2020;1
Boy Bands vs Girl Bands;1
We are NOT the neighbours kids..!;1
Hozier - Shrike (Live At Windmill Lane Studios);1
Shawn Mendes - Wonder (Live from Wonder: The Experience);1
Shawn Mendes - Wonder in the Live Lounge;1
Michael Bubl√© - The Way You Look Tonight;1
Billy Joel - Only The Good Die Young;1
Jeff Buckley - Hallelujah (from Live in Chicago);1
Lionel Richie - All Night Long (All Night);1
Billy Joel - Honesty (from A Matter of Trust - The Bridge to Russia);1
Billy Joel - My Life (Live From The River Of Dreams Tour);1
Justin Bieber - Fast Car (Tracy Chapman cover) in the Live Lounge;1
Leon Bridges - River (Official Music Video);1
Hozier - From Eden (Official Video);1
Hozier - Someone New (Official Video);1
Hozier - Work Song (Video);1
Hozier - Almost (Sweet Music) (Official Video);1
Hozier - From Eden | Mahogany Session;1
Harry Styles - Fine Line (FULL ALBUM);1
Ghost of Tsushima Angry Review;1
GHOST OF TSUSHIMA Walkthrough Gameplay Part 2 - JIN (PS4 PRO);1
Ghost of Tsushima - Part 2 - THE BETRAYAL;1
Spec Ops: The Line 8 YEARS LATER.. - Part 1;1
Cyberpunk 2077 - Part 12 - SPENDING THE NIGHT WITH JUDY üòç;1
Cyberpunk 2077 Ending - Part 11 - IM SHAKING AT THIS ENDING!;1
Ghost of Tsushima: 7 Things It Doesn't Tell You;1
STAR WARS JEDI FALLEN ORDER Walkthrough Gameplay Part 1 - INTRO (FULL GAME);1
Ghost of Tsushima - 7 Essential Combat Tips For Beginners;1
Ghost of Tsushima #4 -  0 DEATHS;1
Ghost of Tsushima - 8 Essential Combat Tips For Survival;1
10 Dark Harry Potter Movie Theories That Would Scare Voldemort;1
Elton John - Someone Saved My Life Tonight (Old Grey Whistle Test 1982);1
Miami 2017 (I've Seen the Lights Go Out on Broadway) (from Old Grey Whistle Test);1
Billy Joel - Stiletto (from A Matter of Trust - The Bridge to Russia);1
Cyberpunk 2077: MORE Dumb Yet Hilarious Glitches;1
7 Crazy Things Developers Hid Inside Their Video Games;1
The Most UNDERRATED GTA Game Ever;1
Playing PUBG Mobile Zombie mode to STOP TseriesVIRUS;1
10 Games That Are SO BAD They're Almost GOOD;1
20 Overhyped Games That FLOPPED;1
5 NEAR IMPOSSIBLE Achievements on Xbox One;1
10 Video Game Records That Might NEVER Be Broken;1
10 GREEDIEST Video Game Moves EVER;1
10 Old Gaming Hacks That Are NOW EXTINCT;1
10 WEIRD Gaming Stories of JULY 2020;1
10 HARDEST 2000s Games That Really PUNISHED US;1
20 Best PS4 Exclusives of ALL TIME;1
Top Ten Best PS4 Exclusives;1
Ghost Of Tsushima - Game Review;1
Cyberpunk 2077 - Review;1
7 Things to Do First in Ghost of Tsushima;1
What KILLED The Marvel's Avengers Game?;1
The Avengers Pitch Meeting;1
Top 20 Video Game Details of 2020;1
Harry Potter Universe Pitch Meeting Compilation;1
Artemis Fowl Pitch Meeting;1
Life Without You - Stevie Ray Vaughan - By Jamie Harrison (Lesson in Description);1
SPIDER-MAN MILES MORALES PS5 Walkthrough Gameplay Part 1 - INTRO (Playstation 5);1
MEETING THOR AND LOKI in ASSASSIN'S CREED VALHALLA PS5 Walkthrough Gameplay Part 21 (Playstation 5);1
penguinz0 speaking facts about cyberpunk 2077;1
Assassins Creed Odyssey - The Ultimate Critique;1
Ghost of Tsushima: 10 Things The Game DOESN'T TELL YOU;1
Ghost of Tsushima - Before You Buy;1
Finishing Building a Mansion in The Sims 4 (Streamed 10/18/20);1
Rags to Riches... But I'm A Vampire (Streamed 8/13/20);1
I tried to recreate a real house in The Sims 4;1
Riverdale is a mess... (part 6);1
Riverdale is a mess... (part 3);1
Riverdale is a mess... (part 2);1
Riverdale is a mess...;1
Riverdale is a mess... (season 2 finale);1
okay seriously how is Riverdale still a thing;1
why are we still watching Riverdale...;1
The Suite Life of Zack and Cody was kinda weird...;1
Why Ratatouille is Pixar's Magnum Opus;1
Wizards of Waverly Place was a weird show...;1
Big Time Rush was a weird show...;1
Alex Meyers funniest moments 2020;1
Every Time Hermione Stole Ron's Line In Harry Potter;1
Harry Potter Movie Franchise Pitch Meeting;1
Avatar Pitch Meeting;1
I let Twitch chat decide my Sims build... (Streamed 10/19/20);1
Trying to Spend $1,000,000 to Build a House in The Sims 4 (Streamed 10/7/19);1
I built a house using only the WORST items in The Sims 4;1
i keep building mansions in the sims;1
Jared Leto Reacts To Joaquin Phoenix's Joker;1
All Joker Laughs In Suicide Squad;1
Disney's Frozen Pitch Meeting;1
Suicide Squad Pitch Meeting;1
IT: Chapter 2 Pitch Meeting;1
IT (2017) Pitch Meeting;1
Stranger Things Pitch Meeting;1
The Walking Dead Pitch Meeting;1
Batman Arkham TRILOGY | REVIEW & GAMEPLAY - Should you play it?;1
Why The New Batman Arkham Collection Is Bullshit;1
Friends Pitch Meeting;1
Fifty Shades of Gray Pitch Meeting;1
Twilight: Breaking Dawn Pitch Meeting;1
7 Habits Only LATE NIGHT Gamers Have;1
John Wick Pitch Meeting;1
The Matrix: Revolutions Pitch Meeting;1
The Matrix: Reloaded Pitch Meeting;1
10 HIDDEN Mechanics Big Games Never Tell You About;1
A Quiet Place Pitch Meeting;1
Star Wars: The Rise of Skywalker Pitch Meeting;1
The Last Airbender Pitch Meeting;1
Percy Jackson & The Olympians: The Lightning Thief Pitch Meeting;1
This Is NOT How People Talk;1
The One Word Ruining Superhero Fight Scenes;1
The Problem With Disney's Movies In One Word;1
This Scene Is Everything Wrong With Disney's Live Action Remakes;1
Back To The Future Pitch Meeting;1
Antique Rusty Knife Restoration;1
Queen having an argument during soundcheck 1977;1
Watching Amy Schumer Until I Laugh;1
The Polar Express Pitch Meeting;1
Who knew SHROUD was good at Rocket League?! Road to Supersonic Legend #18;1
Wonder Woman 1984 - Movie Review;1
Are you twins in real life ?;1
Pixar's SOUL - Movie Review;1
10 WEIRD Gaming Stories of JULY 2019;1
H3H3 Joker Movie Review & Discussion;1
Why Shrek Has Aged So Much Better Than Other Movies;1
Ratatouille Ambient Music |  P I X A R  | Relax, Study, Sleep;1
How Seinfeld Mastered The Art Of...Itself;1
This Is What An Oscar Winning Joker Scene Looks Like;1
The ‚ÄúReal‚Äù Fake Worlds Of Pixar;1
10 Video Game LEAKS That Had MAJOR CONSEQUENCES;1
7 ACTIVISION Mistakes They Want You To Forget;1
5 UBISOFT Mistakes They Want You To Forget;1
10 Bethesda Mistakes They Want You To Forget;1
15 EA Mistakes They Want You TO FORGET;1
10 Gamestop MISTAKES They Want You To Forget;1
8 Little Things That ANNOY Gamers;1
10 Things We ALL Do To Get a Feel For a Game;1
The Most UNDERRATED Batman Game Ever;1
We're SO Close to Supersonic Legend in 1v1;1
