2021/01/11;21 Hours, 45 Minutes and 58 Seconds
2021/01/10;18 Hours, 2 Minutes and 54 Seconds
2021/01/09;19 Hours, 42 Minutes and 13 Seconds
2021/01/08;22 Hours, 36 Minutes and 20 Seconds
2021/01/07;11 Hours, 7 Minutes and 13 Seconds
2021/01/06;19 Hours, 40 Minutes and 29 Seconds
2021/01/05;7 Hours, 59 Minutes and 25 Seconds
2021/01/04;21 Hours, 18 Minutes and 54 Seconds
2021/01/03;13 Hours, 28 Minutes and 6 Seconds
2021/01/02;0 Hours, 37 Minutes and 3 Seconds
2021/01/01;5 Hours, 55 Minutes and 30 Seconds
2020/12/31;14 Hours, 57 Minutes and 31 Seconds
2020/12/30;15 Hours, 31 Minutes and 22 Seconds
2020/12/29;16 Hours, 20 Minutes and 42 Seconds
2020/12/28;13 Hours, 3 Minutes and 33 Seconds
2020/12/27;18 Hours, 28 Minutes and 38 Seconds
2020/12/26;17 Hours, 36 Minutes and 45 Seconds
2020/12/25;6 Hours, 26 Minutes and 11 Seconds
2020/12/24;10 Hours, 12 Minutes and 43 Seconds
2020/12/23;0 Hours, 35 Minutes and 47 Seconds
2020/12/22;1 Hours, 19 Minutes and 29 Seconds
2020/12/21;10 Hours, 22 Minutes and 11 Seconds
2020/12/20;3 Hours, 42 Minutes and 59 Seconds
2020/12/19;17 Hours, 17 Minutes and 43 Seconds
2020/12/18;3 Hours, 31 Minutes and 48 Seconds
2020/12/17;18 Hours, 0 Minutes and 23 Seconds
2020/12/16;21 Hours, 40 Minutes and 47 Seconds
2020/12/15;19 Hours, 53 Minutes and 47 Seconds
2020/12/14;12 Hours, 34 Minutes and 21 Seconds
2020/12/13;21 Hours, 11 Minutes and 13 Seconds
2020/12/12;15 Hours, 30 Minutes and 28 Seconds
2020/12/11;0 Hours, 13 Minutes and 54 Seconds
2020/12/10;22 Hours, 39 Minutes and 8 Seconds
2020/12/09;22 Hours, 35 Minutes and 5 Seconds
2020/12/08;18 Hours, 32 Minutes and 37 Seconds
2020/12/07;0 Hours, 14 Minutes and 3 Seconds
2020/12/06;9 Hours, 31 Minutes and 41 Seconds
2020/12/05;20 Hours, 41 Minutes and 19 Seconds
2020/12/04;7 Hours, 42 Minutes and 59 Seconds
2020/12/03;11 Hours, 21 Minutes and 10 Seconds
2020/12/02;3 Hours, 3 Minutes and 4 Seconds
2020/12/01;23 Hours, 16 Minutes and 40 Seconds
2020/11/30;11 Hours, 57 Minutes and 55 Seconds
2020/11/29;10 Hours, 15 Minutes and 12 Seconds
2020/11/28;13 Hours, 34 Minutes and 9 Seconds
2020/11/27;17 Hours, 46 Minutes and 21 Seconds
2020/11/26;11 Hours, 34 Minutes and 27 Seconds
2020/11/25;10 Hours, 20 Minutes and 28 Seconds
2020/11/24;23 Hours, 57 Minutes and 58 Seconds
2020/11/23;12 Hours, 40 Minutes and 15 Seconds
2020/11/22;0 Hours, 41 Minutes and 39 Seconds
2020/11/21;12 Hours, 25 Minutes and 0 Seconds
2020/11/20;7 Hours, 37 Minutes and 15 Seconds
2020/11/19;11 Hours, 39 Minutes and 4 Seconds
2020/11/18;15 Hours, 3 Minutes and 39 Seconds
2020/11/17;14 Hours, 55 Minutes and 27 Seconds
2020/11/16;11 Hours, 40 Minutes and 25 Seconds
2020/11/15;20 Hours, 36 Minutes and 24 Seconds
2020/11/14;12 Hours, 2 Minutes and 7 Seconds
2020/11/13;7 Hours, 48 Minutes and 39 Seconds
2020/11/12;3 Hours, 56 Minutes and 51 Seconds
2020/11/11;12 Hours, 31 Minutes and 26 Seconds
2020/11/10;15 Hours, 6 Minutes and 10 Seconds
2020/11/09;2 Hours, 36 Minutes and 22 Seconds
2020/11/08;6 Hours, 7 Minutes and 56 Seconds
2020/11/07;16 Hours, 45 Minutes and 39 Seconds
2020/11/06;13 Hours, 3 Minutes and 49 Seconds
2020/11/05;13 Hours, 3 Minutes and 58 Seconds
2020/11/04;8 Hours, 54 Minutes and 1 Seconds
2020/11/03;0 Hours, 57 Minutes and 44 Seconds
2020/11/02;15 Hours, 10 Minutes and 33 Seconds
2020/11/01;22 Hours, 43 Minutes and 36 Seconds
2020/10/31;13 Hours, 18 Minutes and 35 Seconds
2020/10/30;17 Hours, 38 Minutes and 56 Seconds
2020/10/29;17 Hours, 9 Minutes and 8 Seconds
2020/10/28;13 Hours, 5 Minutes and 39 Seconds
2020/10/27;6 Hours, 2 Minutes and 35 Seconds
2020/10/26;7 Hours, 22 Minutes and 56 Seconds
2020/10/25;14 Hours, 43 Minutes and 10 Seconds
2020/10/24;10 Hours, 58 Minutes and 46 Seconds
2020/10/23;5 Hours, 15 Minutes and 55 Seconds
2020/10/22;3 Hours, 57 Minutes and 28 Seconds
2020/10/21;1 Hours, 34 Minutes and 7 Seconds
2020/10/20;4 Hours, 33 Minutes and 56 Seconds
2020/10/19;4 Hours, 53 Minutes and 13 Seconds
2020/10/18;7 Hours, 25 Minutes and 7 Seconds
2020/10/17;6 Hours, 51 Minutes and 20 Seconds
2020/10/16;2 Hours, 32 Minutes and 7 Seconds
2020/10/15;6 Hours, 23 Minutes and 44 Seconds
2020/10/14;3 Hours, 46 Minutes and 3 Seconds
2020/10/13;2 Hours, 40 Minutes and 28 Seconds
2020/10/12;5 Hours, 27 Minutes and 43 Seconds
2020/10/11;6 Hours, 36 Minutes and 13 Seconds
2020/10/10;8 Hours, 51 Minutes and 56 Seconds
2020/10/09;6 Hours, 41 Minutes and 18 Seconds
2020/10/08;3 Hours, 22 Minutes and 6 Seconds
2020/10/07;11 Hours, 12 Minutes and 3 Seconds
2020/10/06;2 Hours, 43 Minutes and 53 Seconds
2020/10/05;6 Hours, 50 Minutes and 41 Seconds
2020/10/04;1 Hours, 34 Minutes and 45 Seconds
2020/10/03;9 Hours, 39 Minutes and 11 Seconds
2020/10/02;6 Hours, 34 Minutes and 41 Seconds
2020/10/01;2 Hours, 34 Minutes and 5 Seconds
2020/09/30;4 Hours, 18 Minutes and 42 Seconds
2020/09/29;8 Hours, 10 Minutes and 6 Seconds
2020/09/28;2 Hours, 56 Minutes and 5 Seconds
2020/09/27;8 Hours, 21 Minutes and 27 Seconds
2020/09/26;6 Hours, 55 Minutes and 50 Seconds
2020/09/25;11 Hours, 25 Minutes and 20 Seconds
2020/09/24;2 Hours, 45 Minutes and 35 Seconds
2020/09/23;2 Hours, 23 Minutes and 28 Seconds
2020/09/22;4 Hours, 8 Minutes and 28 Seconds
2020/09/21;9 Hours, 20 Minutes and 32 Seconds
2020/09/20;2 Hours, 40 Minutes and 15 Seconds
2020/09/19;6 Hours, 2 Minutes and 36 Seconds
2020/09/18;6 Hours, 5 Minutes and 58 Seconds
2020/09/17;7 Hours, 5 Minutes and 1 Seconds
2020/09/16;6 Hours, 26 Minutes and 49 Seconds
2020/09/15;3 Hours, 46 Minutes and 18 Seconds
2020/09/14;3 Hours, 25 Minutes and 40 Seconds
2020/09/13;1 Hours, 49 Minutes and 7 Seconds
2020/09/12;5 Hours, 25 Minutes and 30 Seconds
2020/09/11;3 Hours, 12 Minutes and 30 Seconds
2020/09/10;1 Hours, 49 Minutes and 51 Seconds
2020/09/09;2 Hours, 51 Minutes and 59 Seconds
2020/09/08;2 Hours, 41 Minutes and 30 Seconds
2020/09/07;9 Hours, 0 Minutes and 33 Seconds
2020/09/06;3 Hours, 0 Minutes and 19 Seconds
2020/09/05;3 Hours, 29 Minutes and 40 Seconds
2020/09/04;3 Hours, 1 Minutes and 37 Seconds
2020/09/03;3 Hours, 21 Minutes and 35 Seconds
2020/09/02;3 Hours, 19 Minutes and 36 Seconds
2020/09/01;12 Hours, 30 Minutes and 55 Seconds
2020/08/31;3 Hours, 23 Minutes and 29 Seconds
2020/08/30;6 Hours, 47 Minutes and 39 Seconds
2020/08/29;3 Hours, 52 Minutes and 25 Seconds
2020/08/28;4 Hours, 49 Minutes and 40 Seconds
2020/08/27;5 Hours, 12 Minutes and 0 Seconds
2020/08/26;2 Hours, 27 Minutes and 15 Seconds
2020/08/25;2 Hours, 39 Minutes and 1 Seconds
2020/08/24;2 Hours, 48 Minutes and 44 Seconds
2020/08/23;3 Hours, 23 Minutes and 47 Seconds
2020/08/22;4 Hours, 1 Minutes and 58 Seconds
2020/08/21;3 Hours, 6 Minutes and 58 Seconds
2020/08/20;5 Hours, 6 Minutes and 38 Seconds
2020/08/19;3 Hours, 0 Minutes and 54 Seconds
2020/08/18;2 Hours, 0 Minutes and 15 Seconds
2020/08/17;0 Hours, 54 Minutes and 51 Seconds
2020/08/16;3 Hours, 51 Minutes and 9 Seconds
2020/08/15;7 Hours, 12 Minutes and 13 Seconds
2020/08/14;3 Hours, 23 Minutes and 42 Seconds
2020/08/13;5 Hours, 20 Minutes and 47 Seconds
2020/08/12;6 Hours, 53 Minutes and 51 Seconds
2020/08/11;5 Hours, 44 Minutes and 11 Seconds
2020/08/10;6 Hours, 28 Minutes and 43 Seconds
2020/08/09;1 Hours, 37 Minutes and 33 Seconds
2020/08/08;2 Hours, 53 Minutes and 30 Seconds
2020/08/07;1 Hours, 7 Minutes and 15 Seconds
2020/08/06;3 Hours, 23 Minutes and 36 Seconds
2020/08/05;2 Hours, 11 Minutes and 31 Seconds
2020/08/04;2 Hours, 43 Minutes and 59 Seconds
2020/08/03;5 Hours, 22 Minutes and 53 Seconds
2020/08/02;11 Hours, 17 Minutes and 10 Seconds
2020/08/01;2 Hours, 36 Minutes and 52 Seconds
2020/07/31;4 Hours, 43 Minutes and 3 Seconds
2020/07/30;2 Hours, 6 Minutes and 19 Seconds
2020/07/29;1 Hours, 44 Minutes and 29 Seconds
2020/07/28;2 Hours, 23 Minutes and 27 Seconds
2020/07/27;8 Hours, 27 Minutes and 7 Seconds
2020/07/26;1 Hours, 8 Minutes and 11 Seconds
2020/07/25;1 Hours, 34 Minutes and 17 Seconds
2020/07/24;4 Hours, 9 Minutes and 45 Seconds
2020/07/23;3 Hours, 9 Minutes and 35 Seconds
2020/07/22;2 Hours, 6 Minutes and 34 Seconds
2020/07/21;5 Hours, 57 Minutes and 12 Seconds
2020/07/20;1 Hours, 57 Minutes and 38 Seconds
2020/07/19;3 Hours, 41 Minutes and 3 Seconds
2020/07/18;10 Hours, 15 Minutes and 50 Seconds
2020/07/17;0 Hours, 56 Minutes and 27 Seconds
2020/07/16;0 Hours, 37 Minutes and 19 Seconds
2020/07/15;5 Hours, 37 Minutes and 27 Seconds
2020/07/14;4 Hours, 2 Minutes and 19 Seconds
2020/07/13;8 Hours, 3 Minutes and 45 Seconds
2020/07/12;2 Hours, 40 Minutes and 58 Seconds
2020/07/11;4 Hours, 11 Minutes and 45 Seconds
2020/07/10;2 Hours, 23 Minutes and 38 Seconds
2020/07/09;9 Hours, 56 Minutes and 27 Seconds
2020/07/08;2 Hours, 11 Minutes and 47 Seconds
2020/07/07;2 Hours, 47 Minutes and 12 Seconds
2020/07/06;2 Hours, 49 Minutes and 41 Seconds
2020/07/05;3 Hours, 25 Minutes and 28 Seconds
2020/07/04;5 Hours, 14 Minutes and 40 Seconds
2020/07/03;1 Hours, 53 Minutes and 37 Seconds
2020/07/02;2 Hours, 15 Minutes and 23 Seconds
2020/07/01;16 Hours, 45 Minutes and 51 Seconds
2020/06/30;3 Hours, 51 Minutes and 19 Seconds
2020/06/29;16 Hours, 0 Minutes and 11 Seconds
2020/06/28;8 Hours, 18 Minutes and 30 Seconds
2020/06/27;1 Hours, 3 Minutes and 0 Seconds
2020/06/26;6 Hours, 15 Minutes and 5 Seconds
2020/06/25;6 Hours, 48 Minutes and 19 Seconds
2020/06/24;1 Hours, 57 Minutes and 20 Seconds
2020/06/23;7 Hours, 29 Minutes and 12 Seconds
2020/06/22;2 Hours, 35 Minutes and 6 Seconds
2020/06/21;6 Hours, 6 Minutes and 55 Seconds
2020/06/20;1 Hours, 12 Minutes and 3 Seconds
2020/06/19;1 Hours, 11 Minutes and 45 Seconds
2020/06/18;7 Hours, 36 Minutes and 34 Seconds
2020/06/17;1 Hours, 15 Minutes and 24 Seconds
