H3 Podcast;331 Hours (19851 minutes)
billyjoelVEVO;171 Hours (10275 minutes)
moresimsie;124 Hours (7416 minutes)
PewDiePie;96 Hours (5780 minutes)
Anthony Caliber;79 Hours (4716 minutes)
Disguised Toast;45 Hours (2725 minutes)
NPR Music;42 Hours (2535 minutes)
Sotus;32 Hours (1915 minutes)
Luke Stephens;31 Hours (1839 minutes)
lilsimsie;30 Hours (1789 minutes)
Hollow;26 Hours (1586 minutes)
Sykkuno;24 Hours (1449 minutes)
RoomieOfficial;24 Hours (1430 minutes)
ShawnMendesVEVO;23 Hours (1364 minutes)
theRadBrad;23 Hours (1351 minutes)
Rizzo;20 Hours (1224 minutes)
stevierayvaughnVEVO;20 Hours (1224 minutes)
H3 Podcast Highlights;19 Hours (1135 minutes)
Jon Sandman;16 Hours (958 minutes)
Rocket League Esports;15 Hours (904 minutes)
jacksepticeye;14 Hours (824 minutes)
Capital FM;13 Hours (801 minutes)
gameranx;12 Hours (701 minutes)
333shouichi;12 Hours (701 minutes)
AngryJoeShow;11 Hours (651 minutes)
The Hollywood Reporter;11 Hours (632 minutes)
HarryStylesVEVO;10 Hours (628 minutes)
Marty Music;10 Hours (600 minutes)
EltonJohnVEVO;10 Hours (594 minutes)
U Got Feelings;10 Hours (594 minutes)
GarrettG;10 Hours (578 minutes)
SquishyMuffinz;9 Hours (567 minutes)
Mega Backing Tracks;9 Hours (566 minutes)
penguinz0;9 Hours (563 minutes)
JustinBieberVEVO;9 Hours (526 minutes)
The Howard Stern Show;9 Hours (513 minutes)
GuitarZero2Hero;8 Hours (474 minutes)
Screen Rant;8 Hours (474 minutes)
Guitar Pilgrim;8 Hours (461 minutes)
Woofless;8 Hours (458 minutes)
SRVMusicVideo;7 Hours (436 minutes)
JohnnyBoi_i;7 Hours (422 minutes)
Shawn Mendes;7 Hours (407 minutes)
jeffbuckleyVEVO;7 Hours (403 minutes)
Markiplier;7 Hours (395 minutes)
Eilishupdates;7 Hours (395 minutes)
Blake McLain;6 Hours (384 minutes)
aliciakeysVEVO;6 Hours (383 minutes)
codyates2181;6 Hours (378 minutes)
Alex Meyers;6 Hours (364 minutes)
Lethamyr;6 Hours (355 minutes)
PowerfulJRE;6 Hours (355 minutes)
Valkyrae;6 Hours (351 minutes)
JBiebersocute;6 Hours (351 minutes)
Paul Davids;6 Hours (342 minutes)
johnmayerVEVO;5 Hours (328 minutes)
Reggie714;5 Hours (325 minutes)
NakeyJakey;5 Hours (312 minutes)
didjital vibe;5 Hours (306 minutes)
Gamology;5 Hours (293 minutes)
JPCooperVEVO;5 Hours (293 minutes)
EricClaptonVEVO;5 Hours (286 minutes)
Billy Joel - Topic;5 Hours (278 minutes)
Coldplay;5 Hours (276 minutes)
BBCRadio1VEVO;5 Hours (275 minutes)
Philip Anness;5 Hours (271 minutes)
Girlfriend Reviews;5 Hours (270 minutes)
BBC Music;4 Hours (264 minutes)
Bustin Jieber;4 Hours (261 minutes)
SRV on MV;4 Hours (260 minutes)
PlayStation;4 Hours (259 minutes)
RHINO;4 Hours (259 minutes)
Jessica Ricca;4 Hours (223 minutes)
TRIPPYHIPSTER;4 Hours (222 minutes)
JustinGuitar Songs;4 Hours (217 minutes)
Christian Heyl;4 Hours (215 minutes)
Something Like Mayer;4 Hours (212 minutes)
BBC;4 Hours (212 minutes)
James Turner;3 Hours (209 minutes)
Mahogany;3 Hours (204 minutes)
Rizzo Live;3 Hours (203 minutes)
Muselk;3 Hours (202 minutes)
Cr1TiKaL Full Streams - Random Videos;3 Hours (201 minutes)
Christopher Netanyahu;3 Hours (198 minutes)
Starkilla;3 Hours (194 minutes)
Front Row Boston;3 Hours (191 minutes)
JamesAVEVO;3 Hours (189 minutes)
AgoraVoxFrance;3 Hours (189 minutes)
Variety;3 Hours (188 minutes)
AquaTrunk Radio;3 Hours (187 minutes)
SunlessKhan;3 Hours (185 minutes)
Corridor Crew;3 Hours (180 minutes)
ShoutFactoryVEVO;3 Hours (177 minutes)
Ichhit Joshi;3 Hours (176 minutes)
Marks Piano - PGN Piano;3 Hours (172 minutes)
Justin Bieber;3 Hours (170 minutes)
Whitelight;3 Hours (170 minutes)
John Mayer;3 Hours (169 minutes)
JustinGuitar;3 Hours (165 minutes)
captainmidnight;3 Hours (163 minutes)
Duke Nukem;3 Hours (160 minutes)
BonJoviVEVO;3 Hours (160 minutes)
Michael Palmisano;3 Hours (159 minutes)
Music is Win;3 Hours (157 minutes)
DisneyMusicVEVO;3 Hours (154 minutes)
Alice Kristiansen;3 Hours (151 minutes)
Call of Duty;2 Hours (149 minutes)
choicenation;2 Hours (147 minutes)
IGN;2 Hours (145 minutes)
helen pirone;2 Hours (142 minutes)
SimonGarfunkelVEVO;2 Hours (142 minutes)
Dan And Shay;2 Hours (141 minutes)
YOUCANPLAYIT.COM;2 Hours (141 minutes)
Miguel Ramirez Giannoni;2 Hours (138 minutes)
The Late Late Show;2 Hours (135 minutes)
Star Wars Theory;2 Hours (135 minutes)
Harry Styles;2 Hours (134 minutes)
LeonBridgesVEVO;2 Hours (134 minutes)
Teddy Swims;2 Hours (133 minutes)
MAMusic;2 Hours (131 minutes)
Miley Cyrus;2 Hours (129 minutes)
dangelowallace;2 Hours (126 minutes)
Thanovic;2 Hours (125 minutes)
Rick Beato;2 Hours (124 minutes)
georgemichaelVEVO;2 Hours (124 minutes)
Pikalika;2 Hours (121 minutes)
Sofar Sounds;2 Hours (121 minutes)
Prince's Trust Music;2 Hours (120 minutes)
Rock & Roll Hall of Fame;2 Hours (119 minutes)
Sean Dudley;2 Hours (116 minutes)
TheEllenShow;2 Hours (116 minutes)
Video & Music Clips;2 Hours (116 minutes)
The Tonight Show Starring Jimmy Fallon;2 Hours (115 minutes)
Tristan Paredes;2 Hours (114 minutes)
AdeleVEVO;2 Hours (113 minutes)
Andy Guitar;2 Hours (109 minutes)
The-Art-of-Guitar;2 Hours (107 minutes)
Songkick;2 Hours (107 minutes)
BFFs with Dave Portnoy and Josh Richards;2 Hours (105 minutes)
Cizzorz;2 Hours (105 minutes)
Scott Paul Johnson;2 Hours (102 minutes)
Eagle Rock;2 Hours (99 minutes)
Primera Fila !;2 Hours (97 minutes)
Rex Orange County;2 Hours (96 minutes)
Alexander Wirth;2 Hours (94 minutes)
Outsyder Radio;2 Hours (92 minutes)
Chris Stuckmann;2 Hours (92 minutes)
Jeremy Jahns;1 Hours (89 minutes)
Nerdstalgic;1 Hours (89 minutes)
Scrub Killa;1 Hours (88 minutes)
Magic Radio;1 Hours (88 minutes)
Lorrie  Tolle;1 Hours (87 minutes)
Real Rap With Reynolds;1 Hours (86 minutes)
gmcguitar;1 Hours (84 minutes)
Melodica Men;1 Hours (83 minutes)
Corpse Husband;1 Hours (83 minutes)
Christina Perri;1 Hours (80 minutes)
Fingerstyle Club;1 Hours (79 minutes)
Brooke Burdge;1 Hours (79 minutes)
Rock Collection Music;1 Hours (77 minutes)
Scibbly;1 Hours (76 minutes)
SiriusXM;1 Hours (76 minutes)
Charles Cornell;1 Hours (75 minutes)
Toronto Symphony Orchestra;1 Hours (75 minutes)
Pulse Fire;1 Hours (74 minutes)
Impaulsive;1 Hours (74 minutes)
Eldritch Augur;1 Hours (72 minutes)
PlayStation Access;1 Hours (72 minutes)
amustycow;1 Hours (72 minutes)
PaulinaSV97;1 Hours (72 minutes)
Swain Paramour;1 Hours (71 minutes)
Collider;1 Hours (70 minutes)
D'Angelo Wallace;1 Hours (70 minutes)
Factoria Sonidos Chile - High Fidelity Music;1 Hours (70 minutes)
BBC Radio 1;1 Hours (70 minutes)
PMTVUK;1 Hours (69 minutes)
James Bay;1 Hours (69 minutes)
StarWarsOnly;1 Hours (68 minutes)
Texas Blues Alley;1 Hours (68 minutes)
Music Bliss Malaysia;1 Hours (68 minutes)
CelineDionVEVO;1 Hours (66 minutes)
1091 ON DEMAND;1 Hours (66 minutes)
Sizz;1 Hours (65 minutes)
Schaffrillas Productions;1 Hours (65 minutes)
Let'sPlayGuitar!;1 Hours (65 minutes)
OLD TAPES;1 Hours (64 minutes)
Journeyman461;1 Hours (63 minutes)
LogicVEVO;1 Hours (62 minutes)
1 hour;1 Hours (62 minutes)
JRE Clips;1 Hours (62 minutes)
Rhett Shull;1 Hours (61 minutes)
Brian Kelly;1 Hours (60 minutes)
musicwithnopain;1 Hours (60 minutes)
Sing King;1 Hours (60 minutes)
Nico DíazE;1 Hours (60 minutes)
WWE;1 Hours (59 minutes)
Disney IT;1 Hours (59 minutes)
The Late Show with Stephen Colbert;1 Hours (58 minutes)
Hello Future Me;1 Hours (58 minutes)
Andy Troy;1 Hours (57 minutes)
motarossi;1 Hours (57 minutes)
eltonj4ever;1 Hours (57 minutes)
Scorpionas360;1 Hours (56 minutes)
Alicia Keys;1 Hours (56 minutes)
Jonsandman Plays;1 Hours (54 minutes)
Campfire Guitar Star;1 Hours (53 minutes)
Gilad Perry;1 Hours (52 minutes)
Ed Sheeran;1 Hours (52 minutes)
Eilish Billie;1 Hours (52 minutes)
Brake Check Podcast;1 Hours (52 minutes)
Ruby Sessions TV;1 Hours (50 minutes)
Billboard;1 Hours (50 minutes)
animinopak;1 Hours (49 minutes)
LazerzZ;1 Hours (47 minutes)
jishwa 44;1 Hours (47 minutes)
Better Sax;1 Hours (45 minutes)
First We Feast;1 Hours (44 minutes)
RocketLeague Esports VODs;1 Hours (44 minutes)
Pikeyenny7;1 Hours (44 minutes)
Digital Foundry;1 Hours (43 minutes)
DisneyChannelIT;1 Hours (43 minutes)
Martina x;1 Hours (43 minutes)
AmyWinehouseVEVO;1 Hours (42 minutes)
Ken Tamplin Vocal Academy;1 Hours (42 minutes)
Absolute Blues Guitar Lessons;1 Hours (42 minutes)
Rudimental;1 Hours (42 minutes)
FunkensteinJr;1 Hours (42 minutes)
GameSpot;1 Hours (41 minutes)
Moving Soundcloud;1 Hours (41 minutes)
Justin Bieber - Topic;1 Hours (40 minutes)
SAVAGE Actual;1 Hours (40 minutes)
Dev Ed;1 Hours (40 minutes)
Sean Daniel;1 Hours (40 minutes)
Xiran Jay Zhao;1 Hours (39 minutes)
Jamie Harrison Guitar;1 Hours (39 minutes)
YoungRippa59;1 Hours (38 minutes)
theneedledrop;1 Hours (38 minutes)
RascalFlattsVEVO;1 Hours (37 minutes)
Anonymous Belieber;1 Hours (36 minutes)
Passenger;1 Hours (36 minutes)
ConnieTalbotOfficial;1 Hours (36 minutes)
Rob Galley;1 Hours (36 minutes)
John Mayer - Topic;1 Hours (36 minutes)
TripleJump;1 Hours (36 minutes)
Alfo Media;1 Hours (36 minutes)
CS Dojo;1 Hours (36 minutes)
Rolling Stone;1 Hours (36 minutes)
ADDICTED TO GEAR;1 Hours (35 minutes)
Desi Serna Guitar;1 Hours (35 minutes)
Volksgeist;1 Hours (35 minutes)
wyo russ;1 Hours (34 minutes)
LadyGagaVEVO;1 Hours (34 minutes)
Pulse OSM;1 Hours (34 minutes)
JonasBlueVEVO;1 Hours (34 minutes)
harries playlist archive 2010-20;1 Hours (34 minutes)
Drew Gooden;1 Hours (34 minutes)
Guy Michelmore;1 Hours (33 minutes)
GuitarJamz;1 Hours (33 minutes)
Fox Family Entertainment;1 Hours (33 minutes)
FilmSpeak;1 Hours (33 minutes)
Brianna Sanchez;1 Hours (33 minutes)
Bieber World;1 Hours (32 minutes)
Stereoleague;1 Hours (32 minutes)
ANDREW HUANG;1 Hours (32 minutes)
PTXofficial;0 Hours (30 minutes)
101Facts;0 Hours (30 minutes)
Live from Here;0 Hours (30 minutes)
Improvise For Real;0 Hours (30 minutes)
Arekkz Gaming;0 Hours (30 minutes)
Adam Neely;0 Hours (29 minutes)
Desmond Amos;0 Hours (29 minutes)
JonBonJoviVEVO;0 Hours (29 minutes)
NRG Esports;0 Hours (29 minutes)
Vevo UK;0 Hours (28 minutes)
Disney UK;0 Hours (28 minutes)
Psych IRL;0 Hours (28 minutes)
Kyle Brooks;0 Hours (28 minutes)
GuitarLessons365Song;0 Hours (28 minutes)
dotNET;0 Hours (27 minutes)
Cobra Kai;0 Hours (27 minutes)
olla-vogala;0 Hours (27 minutes)
Diligent Dev;0 Hours (27 minutes)
HozierVEVO;0 Hours (27 minutes)
LewisCapaldiVEVO;0 Hours (27 minutes)
The Groovy Guitar Dude;0 Hours (27 minutes)
Evample;0 Hours (26 minutes)
TopNotch Programmer;0 Hours (26 minutes)
NiallHoranVEVO;0 Hours (26 minutes)
Power 106 Los Angeles;0 Hours (26 minutes)
BillieEilishVEVO;0 Hours (25 minutes)
Guitar Lessons BobbyCrispy;0 Hours (25 minutes)
Dongo;0 Hours (25 minutes)
TheThings;0 Hours (25 minutes)
Ross Campbell;0 Hours (24 minutes)
Boiler Room;0 Hours (24 minutes)
VCSOIT;0 Hours (24 minutes)
SunnyV2;0 Hours (24 minutes)
Seamus Gorman;0 Hours (24 minutes)
Almir Jovi;0 Hours (24 minutes)
Andres Trevino;0 Hours (24 minutes)
HackerRank;0 Hours (24 minutes)
muda x 7 page;0 Hours (24 minutes)
Chase Eagleson;0 Hours (23 minutes)
Steve Lungrin;0 Hours (23 minutes)
AwesomenessTV;0 Hours (23 minutes)
Frustrated Jacob;0 Hours (23 minutes)
One Direction;0 Hours (22 minutes)
EverythingHP;0 Hours (22 minutes)
Repzion;0 Hours (22 minutes)
HDpiano;0 Hours (22 minutes)
What'sSoGreatAboutGaming;0 Hours (22 minutes)
LegacyKillaHD;0 Hours (22 minutes)
First Cut;0 Hours (22 minutes)
Wayton Pilkin;0 Hours (22 minutes)
Andrew Foy 앤디;0 Hours (21 minutes)
Piano Hits! [Pandapiano];0 Hours (21 minutes)
Andertons Music Co;0 Hours (21 minutes)
British GQ;0 Hours (21 minutes)
Guitar and Lessons;0 Hours (21 minutes)
Virge;0 Hours (20 minutes)
Netflix Film Club;0 Hours (20 minutes)
Kai Perkins;0 Hours (20 minutes)
The Sin Squad;0 Hours (20 minutes)
Official W5;0 Hours (20 minutes)
KeaneVEVO;0 Hours (20 minutes)
WatchMojo.com;0 Hours (20 minutes)
Ethan Enns;0 Hours (20 minutes)
Ethan and Hila;0 Hours (19 minutes)
Spill;0 Hours (19 minutes)
Dennis Bottero Music;0 Hours (19 minutes)
Blue Lotus;0 Hours (19 minutes)
NRG Rocket League;0 Hours (19 minutes)
PlayStationGrenade;0 Hours (19 minutes)
Downward Thrust;0 Hours (18 minutes)
CBR;0 Hours (18 minutes)
Global Citizen;0 Hours (18 minutes)
Atlantic Records;0 Hours (18 minutes)
AP Nerds;0 Hours (18 minutes)
RayCharlesVEVO;0 Hours (17 minutes)
Blues Guitar Unleashed;0 Hours (17 minutes)
Rock N' Roll True Stories;0 Hours (17 minutes)
ChildishGambinoVEVO;0 Hours (16 minutes)
Learning Guitar Now;0 Hours (16 minutes)
Pixar;0 Hours (16 minutes)
MIKAVEVO;0 Hours (16 minutes)
Jacob Collier;0 Hours (16 minutes)
Bitesize Piano;0 Hours (16 minutes)
ArsenalRL;0 Hours (16 minutes)
Carlos Medina;0 Hours (16 minutes)
Leroy Sanchez;0 Hours (16 minutes)
Old Guy Reactions;0 Hours (16 minutes)
JAZZ TUTORIAL;0 Hours (16 minutes)
Bruna Carvalho;0 Hours (16 minutes)
Rocket League Streams;0 Hours (16 minutes)
CMT Crossroads;0 Hours (16 minutes)
CLAPP26;0 Hours (15 minutes)
Gus Johnson;0 Hours (15 minutes)
Corpsekkuno;0 Hours (15 minutes)
Rocket Sledge;0 Hours (15 minutes)
The Late Late Show with James Corden;0 Hours (15 minutes)
Louis Weisz;0 Hours (15 minutes)
o Knightz o;0 Hours (15 minutes)
MusicTheoryForGuitar;0 Hours (15 minutes)
WhatCulture Gaming;0 Hours (15 minutes)
Late Night with Seth Meyers;0 Hours (15 minutes)
Alexandra Ilieva;0 Hours (15 minutes)
LeonardCohenVEVO;0 Hours (15 minutes)
Kolonel Briket;0 Hours (15 minutes)
SahaKit;0 Hours (14 minutes)
Paul Rahme;0 Hours (14 minutes)
CatPick Studios;0 Hours (14 minutes)
X Factor Global;0 Hours (14 minutes)
GrowWithGuitar;0 Hours (14 minutes)
Sebastien Zunino;0 Hours (14 minutes)
NerdWire;0 Hours (14 minutes)
Code Drip by Aaron Jack;0 Hours (14 minutes)
thefrayVEVO;0 Hours (13 minutes)
Pop music crooners of the 20th century;0 Hours (13 minutes)
Juan Antonio Fernández;0 Hours (13 minutes)
Zac Brown Band;0 Hours (13 minutes)
angela450nyc;0 Hours (13 minutes)
twooba;0 Hours (13 minutes)
Tus Clases De Guitarra;0 Hours (13 minutes)
Robert Baker;0 Hours (13 minutes)
IamSkippy Scott Skippy Jessop;0 Hours (13 minutes)
Flicks And The City;0 Hours (13 minutes)
That Fire LA;0 Hours (13 minutes)
Voiy;0 Hours (13 minutes)
MaxMarkony;0 Hours (13 minutes)
Towa Bird;0 Hours (12 minutes)
Katherine Chambers;0 Hours (12 minutes)
MTV;0 Hours (12 minutes)
Nick930;0 Hours (12 minutes)
Alanah Pearce;0 Hours (12 minutes)
Marc Martel;0 Hours (12 minutes)
DarkViperAU;0 Hours (12 minutes)
Resero;0 Hours (12 minutes)
Cyberpunk 2077;0 Hours (12 minutes)
TriFate;0 Hours (12 minutes)
Genius;0 Hours (12 minutes)
Degenerate Jay;0 Hours (12 minutes)
Solar Sands;0 Hours (12 minutes)
GamingBolt;0 Hours (12 minutes)
Looper;0 Hours (12 minutes)
IGUDESMAN JOO;0 Hours (11 minutes)
Alicia Keys - Topic;0 Hours (11 minutes)
Lyrics On Lock;0 Hours (11 minutes)
JZR;0 Hours (11 minutes)
Gokanaru;0 Hours (11 minutes)
WIRED;0 Hours (11 minutes)
Beyond The Trailer;0 Hours (11 minutes)
JuniourG;0 Hours (11 minutes)
Music by Blanks;0 Hours (11 minutes)
David Bennett Piano;0 Hours (11 minutes)
Izzychalamet;0 Hours (11 minutes)
David Wallimann;0 Hours (11 minutes)
Wonk Labs;0 Hours (11 minutes)
Brandon D'Eon Music;0 Hours (10 minutes)
Elton John Superstar;0 Hours (10 minutes)
DreamcastGuy;0 Hours (10 minutes)
Spill Sesh;0 Hours (10 minutes)
People;0 Hours (10 minutes)
DramaAlert;0 Hours (10 minutes)
HiTop Films;0 Hours (10 minutes)
SoulPancake;0 Hours (10 minutes)
Fat Dino;0 Hours (10 minutes)
pianojohn113;0 Hours (10 minutes)
Steven In Stereo;0 Hours (10 minutes)
ItsAMoney;0 Hours (10 minutes)
Musicians Inspired;0 Hours (10 minutes)
My Fav Celeb;0 Hours (10 minutes)
Sceptic;0 Hours (10 minutes)
Jamie Harrison Guitar - Topic;0 Hours (10 minutes)
Justin Johnson;0 Hours (10 minutes)
Should You Play It?;0 Hours (10 minutes)
eNCA;0 Hours (10 minutes)
Pianote;0 Hours (10 minutes)
Sungha Jung;0 Hours (10 minutes)
goldinsounds;0 Hours (10 minutes)
The Small Workshop;0 Hours (10 minutes)
ET Canada;0 Hours (9 minutes)
Heavy Spoilers;0 Hours (9 minutes)
Toma Nikolov;0 Hours (9 minutes)
Boyce Avenue;0 Hours (9 minutes)
Jason Mraz;0 Hours (9 minutes)
On Air With Ryan Seacrest;0 Hours (9 minutes)
FrankSinatraVEVO;0 Hours (9 minutes)
Francesco Parrino Extras;0 Hours (9 minutes)
robbiewilliamsvevo;0 Hours (9 minutes)
YearsAndYearsVEVO;0 Hours (9 minutes)
SubwayCreatures;0 Hours (9 minutes)
Peter PlutaX;0 Hours (9 minutes)
REPLAY;0 Hours (9 minutes)
Dacept;0 Hours (8 minutes)
Movieclips;0 Hours (8 minutes)
CMAVEVO;0 Hours (8 minutes)
MsMojo;0 Hours (8 minutes)
Harry Potter Theory;0 Hours (8 minutes)
EasyGuitarHits;0 Hours (8 minutes)
Shawn Mendes - Topic;0 Hours (8 minutes)
The Why;0 Hours (8 minutes)
Charlie Puth;0 Hours (8 minutes)
Nerdist;0 Hours (8 minutes)
Lectures by Walter Lewin. They will make you ♥ Physics.;0 Hours (8 minutes)
The Beatles - Topic;0 Hours (8 minutes)
Drivr3joe;0 Hours (8 minutes)
The King's Academy, WPB, FL;0 Hours (8 minutes)
CLA Woo;0 Hours (8 minutes)
Gaming with Griff Griffin;0 Hours (8 minutes)
wickdeeb;0 Hours (8 minutes)
SamSmithVEVO;0 Hours (8 minutes)
MBSRV;0 Hours (8 minutes)
Ryoya Takashima;0 Hours (8 minutes)
1solo;0 Hours (8 minutes)
Graziatto;0 Hours (8 minutes)
justinbnewscom;0 Hours (8 minutes)
ahaVEVO;0 Hours (8 minutes)
OasisVEVO;0 Hours (7 minutes)
Alter Bridge;0 Hours (7 minutes)
CallumMcGaw;0 Hours (7 minutes)
B;0 Hours (7 minutes)
Tori Chitic;0 Hours (7 minutes)
Kenny Do;0 Hours (7 minutes)
keef1212;0 Hours (7 minutes)
OneDirectionVEVO;0 Hours (7 minutes)
Tara Simon Studios;0 Hours (7 minutes)
DundeeBhoy2007;0 Hours (7 minutes)
Chris DeLeon of HomeTeam GameDev;0 Hours (7 minutes)
DisneyJuniorUK;0 Hours (7 minutes)
Next of Ken;0 Hours (7 minutes)
joseph bvr;0 Hours (7 minutes)
AVATAR Kalki Presents THE MUSE VERSE MegaChannel  Work in Progress;0 Hours (7 minutes)
Nerdwriter1;0 Hours (7 minutes)
africajam2;0 Hours (7 minutes)
daniellekat05;0 Hours (7 minutes)
Life Stories By Goalcast;0 Hours (7 minutes)
Jeff Buckley - Topic;0 Hours (7 minutes)
JOLLY;0 Hours (7 minutes)
Tom Nash;0 Hours (7 minutes)
Jabrils;0 Hours (7 minutes)
Robinson-Stone;0 Hours (7 minutes)
Bieber Quality;0 Hours (7 minutes)
MaanonCharlotte;0 Hours (7 minutes)
Nail Guitar - Song Lessons;0 Hours (7 minutes)
Kalle Hallden;0 Hours (7 minutes)
The Pop Song Professor;0 Hours (7 minutes)
h3h3Productions;0 Hours (6 minutes)
Silver Bullet;0 Hours (6 minutes)
diesel patches;0 Hours (6 minutes)
Jake Baldino;0 Hours (6 minutes)
Warner Records Vault;0 Hours (6 minutes)
BuzzFeed Multiplayer;0 Hours (6 minutes)
Vinheteiro;0 Hours (6 minutes)
RLucra Karaoke TV - High Quality Audio;0 Hours (6 minutes)
The Voice Kids UK;0 Hours (6 minutes)
MusicalBasics TV;0 Hours (6 minutes)
Billy Joel;0 Hours (6 minutes)
Universal Pictures;0 Hours (6 minutes)
John Denver;0 Hours (6 minutes)
gizamax;0 Hours (6 minutes)
Hélder Palma;0 Hours (6 minutes)
Paul Kellerman;0 Hours (6 minutes)
Greg's Guitar Gear;0 Hours (6 minutes)
Revista Dianeris;0 Hours (6 minutes)
Rick22228;0 Hours (6 minutes)
Guitar Interactive Magazine;0 Hours (6 minutes)
The Daily Buzz;0 Hours (6 minutes)
BackingTracksMusic;0 Hours (6 minutes)
Nemsk;0 Hours (6 minutes)
Sweetwater;0 Hours (6 minutes)
Peacock Kids;0 Hours (5 minutes)
JKjohnny;0 Hours (5 minutes)
bluestarlines;0 Hours (5 minutes)
Red Hot Chili Peppers;0 Hours (5 minutes)
Telepathy97;0 Hours (5 minutes)
Syl lui;0 Hours (5 minutes)
Radio X;0 Hours (5 minutes)
TrendTelligence;0 Hours (5 minutes)
Netflix;0 Hours (5 minutes)
carrieunderwoodVEVO;0 Hours (5 minutes)
gsr28647;0 Hours (5 minutes)
Alejandro;0 Hours (5 minutes)
Mazzy Star - Topic;0 Hours (5 minutes)
Oasis;0 Hours (5 minutes)
SRV BRY;0 Hours (5 minutes)
AndreaBocelliVEVO;0 Hours (5 minutes)
Led Zeppelin;0 Hours (5 minutes)
Ethan Becker;0 Hours (5 minutes)
BermusikID;0 Hours (5 minutes)
Jess Glynne;0 Hours (5 minutes)
ChrisStapletonVEVO;0 Hours (5 minutes)
mission2marsden;0 Hours (5 minutes)
Digital Vinyl;0 Hours (5 minutes)
Adele - Topic;0 Hours (5 minutes)
hihoohappy;0 Hours (5 minutes)
ColdplayXtra;0 Hours (4 minutes)
AvidAlchemist;0 Hours (4 minutes)
Phil Lann;0 Hours (4 minutes)
TheAerosmithVault;0 Hours (4 minutes)
Matt Hylom;0 Hours (4 minutes)
Andrés Rivera Espinosa;0 Hours (4 minutes)
JohnDenverVEVO;0 Hours (4 minutes)
Turtle Interactive;0 Hours (4 minutes)
MusicArt;0 Hours (4 minutes)
JamesBayVEVO;0 Hours (4 minutes)
RihannaVEVO;0 Hours (4 minutes)
The Music Life Of Michael Jackson;0 Hours (4 minutes)
Ichika Nito;0 Hours (4 minutes)
Andréa Abreu;0 Hours (4 minutes)
MariahCareyVEVO;0 Hours (4 minutes)
Billie Eilish - Topic;0 Hours (4 minutes)
Justice Der;0 Hours (4 minutes)
Nyle Rivers Music Channel;0 Hours (4 minutes)
Leon Bridges - Topic;0 Hours (4 minutes)
Fujii Kaze;0 Hours (4 minutes)
The Office;0 Hours (4 minutes)
Mac Miller;0 Hours (4 minutes)
AniBox Trailer Access;0 Hours (4 minutes)
Christina;0 Hours (4 minutes)
Rockin' Hits;0 Hours (4 minutes)
Rascal Flatts - Topic;0 Hours (4 minutes)
Janayna Almeida;0 Hours (4 minutes)
Matt Murray;0 Hours (4 minutes)
SigalaVEVO;0 Hours (4 minutes)
Robbie Williams;0 Hours (4 minutes)
Mrs Downey;0 Hours (4 minutes)
Jessica Ricca - Topic;0 Hours (4 minutes)
ArianaGrandeVevo;0 Hours (4 minutes)
Samantha Harvey;0 Hours (4 minutes)
LionelRichieVEVO;0 Hours (4 minutes)
konrad hovis;0 Hours (4 minutes)
Lauren Paley;0 Hours (4 minutes)
Bart17112001;0 Hours (4 minutes)
Sony Pictures Home Entertainment;0 Hours (4 minutes)
kuklinski987;0 Hours (4 minutes)
Shadow Music;0 Hours (4 minutes)
Martin Garrix - Topic;0 Hours (4 minutes)
Hannah Simmons;0 Hours (4 minutes)
TriPepe Twitch;0 Hours (4 minutes)
Full Circle Music;0 Hours (4 minutes)
Melodica Academy;0 Hours (4 minutes)
Sound Post;0 Hours (4 minutes)
MAGCON SubChile;0 Hours (4 minutes)
Cailey;0 Hours (4 minutes)
Easy 2 Play Music;0 Hours (4 minutes)
PS5Trophies;0 Hours (4 minutes)
PHianonize;0 Hours (4 minutes)
Lil LORDSmusic;0 Hours (4 minutes)
freddieMIX;0 Hours (4 minutes)
mahalodotcom;0 Hours (4 minutes)
Academy Originals;0 Hours (3 minutes)
20th Century Studios Thailand;0 Hours (3 minutes)
GoncaloCMota;0 Hours (3 minutes)
Woody;0 Hours (3 minutes)
James Arthur;0 Hours (3 minutes)
F13;0 Hours (3 minutes)
James Blunt;0 Hours (3 minutes)
OTV Highlights & Best Plays;0 Hours (3 minutes)
OnMusicGlee2;0 Hours (3 minutes)
Forehead Fables Podcast;0 Hours (3 minutes)
Maro;0 Hours (3 minutes)
TroyeSivanVEVO;0 Hours (3 minutes)
Sing2Guitar | Acoustic Backing Tracks;0 Hours (3 minutes)
UniversalPicsSweden;0 Hours (3 minutes)
Mendes Lyrics;0 Hours (3 minutes)
Sergej Galejev;0 Hours (3 minutes)
Miley Cyrus - Topic;0 Hours (3 minutes)
Sam Tompkins;0 Hours (3 minutes)
RAFAEL;0 Hours (3 minutes)
Paramount Brasil;0 Hours (3 minutes)
Little Angel: Nursery Rhymes & Kids Songs;0 Hours (3 minutes)
Bieber Malik;0 Hours (3 minutes)
Alexander Penkov;0 Hours (3 minutes)
Beyond The Guitar;0 Hours (3 minutes)
petrichoredt;0 Hours (3 minutes)
MUSICHELPDUDE {MHD};0 Hours (3 minutes)
J O K E R;0 Hours (3 minutes)
TheWhoVEVO;0 Hours (3 minutes)
Alec Chambers;0 Hours (3 minutes)
Jova Musique;0 Hours (3 minutes)
blueeyes803;0 Hours (3 minutes)
Live Aid;0 Hours (3 minutes)
소니뮤직코리아 Sony Music Korea;0 Hours (3 minutes)
FORMULA 1;0 Hours (3 minutes)
Zach Gelfand;0 Hours (3 minutes)
Shelbie Rose;0 Hours (3 minutes)
Brian Catuccio Music;0 Hours (3 minutes)
letecheur Christophe;0 Hours (2 minutes)
Reinaeiry;0 Hours (2 minutes)
Hi Everybody;0 Hours (2 minutes)
Nexus PrO;0 Hours (2 minutes)
Tiffany Day;0 Hours (2 minutes)
youcantdownloadvinyl;0 Hours (2 minutes)
patmanshelby;0 Hours (2 minutes)
EasyMusic;0 Hours (2 minutes)
Erik C 'Piano Man';0 Hours (2 minutes)
Marianna Pascarella;0 Hours (2 minutes)
stonempc;0 Hours (2 minutes)
marieren;0 Hours (2 minutes)
Joseph Vincent;0 Hours (2 minutes)
AEVAL1977;0 Hours (2 minutes)
EveryOtherBeat;0 Hours (2 minutes)
Joseph Vincent - Topic;0 Hours (2 minutes)
Rafael Soliman;0 Hours (2 minutes)
Ryan George;0 Hours (2 minutes)
SwagLikeBiebs87;0 Hours (2 minutes)
JB Production;0 Hours (2 minutes)
CKMusicOnline;0 Hours (2 minutes)
Screen Culture;0 Hours (2 minutes)
One Voice Children's Choir;0 Hours (2 minutes)
Ollies Vlogs;0 Hours (2 minutes)
RoyZivMusic;0 Hours (2 minutes)
Aaron Durham;0 Hours (2 minutes)
IPIDA SOUND;0 Hours (2 minutes)
The Kelly Clarkson Show;0 Hours (2 minutes)
The Hollywood Fix;0 Hours (2 minutes)
Samson Technologies;0 Hours (2 minutes)
kade strunk;0 Hours (2 minutes)
Asher Monroe - Topic;0 Hours (2 minutes)
Jason Liu;0 Hours (2 minutes)
TheDreRock;0 Hours (2 minutes)
E! Red Carpet & Award Shows;0 Hours (2 minutes)
jbieberfan285;0 Hours (2 minutes)
Vox Amps;0 Hours (2 minutes)
TheRoneZone;0 Hours (2 minutes)
Corpse Jr;0 Hours (1 minutes)
Anton Damhuis;0 Hours (1 minutes)
Meddle2K;0 Hours (1 minutes)
looker;0 Hours (1 minutes)
Infamous Yash Show;0 Hours (1 minutes)
Sony Pictures Entertainment;0 Hours (1 minutes)
IMDC;0 Hours (1 minutes)
TwitchHub;0 Hours (1 minutes)
JRM;0 Hours (1 minutes)
Nick Animation;0 Hours (1 minutes)
Diego Duarte;0 Hours (1 minutes)
Twitch Rerun;0 Hours (1 minutes)
ArchieJB;0 Hours (1 minutes)
LumpusKrampus;0 Hours (1 minutes)
Justin Bieber fan page J;0 Hours (1 minutes)
Doctor Esport;0 Hours (1 minutes)
kazuki isogai;0 Hours (1 minutes)
Billie Eilish;0 Hours (1 minutes)
Jaiden Animations;0 Hours (1 minutes)
JoelFan;0 Hours (1 minutes)
james atherton;0 Hours (1 minutes)
Conrad Gonzales;0 Hours (1 minutes)
Tom Holland Moments;0 Hours (1 minutes)
Jamison edits;0 Hours (1 minutes)
millyengland;0 Hours (1 minutes)
GOGO Smith;0 Hours (1 minutes)
Simon Lloyd;0 Hours (1 minutes)
n0t Riley;0 Hours (1 minutes)
Danny Rodd;0 Hours (1 minutes)
OperaMyWorld;0 Hours (1 minutes)
Cringe with Que;0 Hours (1 minutes)
Florian Verhagen;0 Hours (1 minutes)
UK Puthinator;0 Hours (1 minutes)
breeeendaaa;0 Hours (1 minutes)
Yosuto;0 Hours (1 minutes)
Demi Lovato Instastories;0 Hours (1 minutes)
OfficialQueenRomania;0 Hours (1 minutes)
Darcy Ahrns;0 Hours (1 minutes)
nunez fahim;0 Hours (1 minutes)
sandymark94;0 Hours (1 minutes)
Spontaneous Story;0 Hours (1 minutes)
Cameron Bryce;0 Hours (0 minutes)
Liam St. John;0 Hours (0 minutes)
Dominique Ruiz;0 Hours (0 minutes)
mtbutta;0 Hours (0 minutes)
StoopidSponge;0 Hours (0 minutes)
Nikhil Pant;0 Hours (0 minutes)
Rohit Bhati;0 Hours (0 minutes)
blackdockers;0 Hours (0 minutes)
Obtenebrator;0 Hours (0 minutes)
smallgoblin;0 Hours (0 minutes)
Tim in Singapore;0 Hours (0 minutes)
Mathilde Miko;0 Hours (0 minutes)
Itsjoeboi;0 Hours (0 minutes)
Alessia Sasso;0 Hours (0 minutes)
Savagethug Crash;0 Hours (0 minutes)
Anton Nilsson;0 Hours (0 minutes)
Ivan Dorin;0 Hours (0 minutes)
Randumb Memes;0 Hours (0 minutes)
Rob Cosentino;0 Hours (0 minutes)
Zeisix Shorts;0 Hours (0 minutes)
DauntRL;0 Hours (0 minutes)
OneFreeMan316;0 Hours (0 minutes)
Sebastian Dell'Aria;0 Hours (0 minutes)
NauticalPhoenix;0 Hours (0 minutes)
Head Society;0 Hours (0 minutes)
kingjaysavage31;0 Hours (0 minutes)
Natsumi Editz;0 Hours (0 minutes)
Vicehrabě Julián;0 Hours (0 minutes)
FlamingFretboard;0 Hours (0 minutes)
OMA-MAN;0 Hours (0 minutes)
stephanie park;0 Hours (0 minutes)
Girls With Guns;0 Hours (0 minutes)
Steph G;0 Hours (0 minutes)
JAMACASH;0 Hours (0 minutes)
I love Shawn Dolan Cameron;0 Hours (0 minutes)
Famous Vines;0 Hours (0 minutes)
SunnyDeeDee;0 Hours (0 minutes)
d a d d y;0 Hours (0 minutes)
• grocery •;0 Hours (0 minutes)
Mark;0 Hours (0 minutes)
ChilledCow;0 Hours (0 minutes)
