billyjoelVEVO;1937
ShawnMendesVEVO;323
stevierayvaughnVEVO;165
H3 Podcast;158
JustinBieberVEVO;154
HarryStylesVEVO;146
NPR Music;144
JBiebersocute;114
Disguised Toast;103
EltonJohnVEVO;99
H3 Podcast Highlights;97
lilsimsie;93
Shawn Mendes;92
RoomieOfficial;91
JPCooperVEVO;78
The Howard Stern Show;78
Capital FM;75
333shouichi;71
BBCRadio1VEVO;70
PewDiePie;70
aliciakeysVEVO;65
johnmayerVEVO;65
Sykkuno;65
Philip Anness;64
gameranx;59
Coldplay;57
BBC Music;57
jeffbuckleyVEVO;57
Jessica Ricca;57
Sotus;56
Christopher Netanyahu;54
Dan And Shay;51
Mahogany;49
codyates2181;48
Justin Bieber;44
EricClaptonVEVO;44
Screen Rant;43
Billy Joel - Topic;43
Miley Cyrus;43
JamesAVEVO;41
DisneyMusicVEVO;41
Guitar Pilgrim;40
Alice Kristiansen;40
Marty Music;37
Eilishupdates;37
moresimsie;37
penguinz0;35
GuitarZero2Hero;34
didjital vibe;33
Rizzo;33
Sofar Sounds;32
Girlfriend Reviews;31
Prince's Trust Music;31
ShoutFactoryVEVO;31
Bustin Jieber;31
Teddy Swims;30
SquishyMuffinz;29
SimonGarfunkelVEVO;29
Hollow;28
Alex Meyers;28
SRVMusicVideo;28
GarrettG;27
Gamology;27
The Tonight Show Starring Jimmy Fallon;27
LeonBridgesVEVO;27
BBC;27
AgoraVoxFrance;27
The Late Late Show;27
Paul Davids;26
Rock & Roll Hall of Fame;26
Alexander Wirth;25
theRadBrad;25
BonJoviVEVO;25
SRV on MV;25
jacksepticeye;25
RHINO;24
TheEllenShow;23
PaulinaSV97;23
SiriusXM;22
Blake McLain;22
AdeleVEVO;22
choicenation;22
georgemichaelVEVO;22
IGN;21
John Mayer;20
Eagle Rock;20
Christina Perri;18
Brooke Burdge;17
Toronto Symphony Orchestra;17
Luke Stephens;16
BBC Radio 1;16
Anthony Caliber;16
Duke Nukem;16
Melodica Men;16
AngryJoeShow;15
JustinGuitar;15
Video & Music Clips;15
Billboard;15
Sing King;15
Lethamyr;14
Disney IT;14
Jon Sandman;14
TRIPPYHIPSTER;14
Live from Here;14
Rex Orange County;13
captainmidnight;13
SunlessKhan;13
animinopak;13
Martina x;13
Anonymous Belieber;13
Harry Styles;12
Ed Sheeran;12
Songkick;12
DisneyChannelIT;12
CelineDionVEVO;12
Corridor Crew;11
Rudimental;11
AmyWinehouseVEVO;11
Andres Trevino;11
Rizzo Live;11
LogicVEVO;11
Tristan Paredes;11
Pikalika;11
Justin Bieber - Topic;11
JonasBlueVEVO;10
Front Row Boston;10
The Hollywood Reporter;10
Music is Win;10
ConnieTalbotOfficial;10
RascalFlattsVEVO;10
Passenger;9
Nerdstalgic;9
NakeyJakey;9
LadyGagaVEVO;9
Stereoleague;9
JustinGuitar Songs;9
motarossi;9
eltonj4ever;9
Rolling Stone;8
Jeremy Jahns;8
LewisCapaldiVEVO;8
Markiplier;8
Rick Beato;8
JRE Clips;8
James Turner;8
Gus Johnson;8
YOUCANPLAYIT.COM;8
Fox Family Entertainment;8
D'Angelo Wallace;7
Chris Stuckmann;7
Jamie Harrison Guitar;7
Pixar;7
JohnnyBoi_i;7
Thanovic;7
Journeyman461;7
Disney UK;7
Nico DíazE;7
Rocket League Esports;7
Swain Paramour;7
Charles Cornell;7
TriPepe Twitch;7
Power 106 Los Angeles;7
NiallHoranVEVO;6
Piano Hits! [Pandapiano];6
PlayStation Access;6
HozierVEVO;6
Texas Blues Alley;6
Michael Palmisano;6
Cizzorz;6
PTXofficial;6
Mega Backing Tracks;6
Scorpionas360;6
OLD TAPES;6
BillieEilishVEVO;6
Scott Paul Johnson;6
Dongo;6
Bieber World;6
One Direction;6
Bruna Carvalho;6
Scibbly;6
Desmond Amos;6
Atlantic Records;6
The Late Show with Stephen Colbert;6
Gilad Perry;5
Ruby Sessions TV;5
PlayStation;5
Variety;5
KeaneVEVO;5
Ichika Nito;5
Global Citizen;5
Andy Guitar;5
John Mayer - Topic;5
Almir Jovi;5
JonBonJoviVEVO;5
Brianna Sanchez;5
Andrew Foy 앤디;5
dangelowallace;5
Sean Daniel;5
Alexandra Ilieva;5
MIKAVEVO;5
Leroy Sanchez;4
Starkilla;4
GameSpot;4
Chase Eagleson;4
The-Art-of-Guitar;4
theneedledrop;4
amustycow;4
GuitarJamz;4
Scrub Killa;4
Pop music crooners of the 20th century;4
Ethan Enns;4
Factoria Sonidos Chile - High Fidelity Music;4
CMT Crossroads;4
Valkyrae;4
PMTVUK;4
Rhett Shull;4
Lyrics On Lock;4
Music Bliss Malaysia;4
Juan Antonio Fernández;4
James Bay;4
DisneyJuniorUK;4
Lauren Paley;4
MaxMarkony;3
Ryan George;3
Alicia Keys - Topic;3
TheThings;3
SAVAGE Actual;3
Sizz;3
RayCharlesVEVO;3
TwitchHub;3
Alfo Media;3
Brandon D'Eon Music;3
Meddle2K;3
Pulse Fire;3
Campfire Guitar Star;3
Repzion;3
gmcguitar;3
U Got Feelings;3
ChildishGambinoVEVO;3
CMAVEVO;3
Graziatto;3
Movieclips;3
Shawn Mendes - Topic;3
Something Like Mayer;3
Carlos Medina;3
The Groovy Guitar Dude;3
Corpse Jr;3
Guitar and Lessons;3
Zac Brown Band;3
Peter PlutaX;3
JuniourG;3
Kolonel Briket;3
Jacob Collier;3
Kyle Brooks;3
FrankSinatraVEVO;3
youcantdownloadvinyl;3
Better Sax;3
thefrayVEVO;3
wyo russ;3
Woofless;3
Dev Ed;2
Whitelight;2
GamingBolt;2
Jason Mraz;2
Netflix Film Club;2
First We Feast;2
Kenny Do;2
Ethan and Hila;2
YearsAndYearsVEVO;2
PS5Trophies;2
The Beatles - Topic;2
Digital Foundry;2
PHianonize;2
Drew Gooden;2
Seamus Gorman;2
Magic Radio;2
Downward Thrust;2
Arekkz Gaming;2
What'sSoGreatAboutGaming;2
FilmSpeak;2
CBR;2
africajam2;2
MBSRV;2
Pikeyenny7;2
harries playlist archive 2010-20;2
WWE;2
Ken Tamplin Vocal Academy;2
Volksgeist;2
robbiewilliamsvevo;2
RoyZivMusic;2
GuitarLessons365Song;2
Jonsandman Plays;2
Boyce Avenue;2
Silver Bullet;2
BFFs with Dave Portnoy and Josh Richards;2
Ross Campbell;2
LeonardCohenVEVO;2
AquaTrunk Radio;2
HDpiano;2
The Late Late Show with James Corden;2
Miguel Ramirez Giannoni;2
SubwayCreatures;2
ahaVEVO;2
Elton John Superstar;2
Cyberpunk 2077;2
SamSmithVEVO;2
CLAPP26;2
keef1212;2
1solo;2
On Air With Ryan Seacrest;2
Sungha Jung;2
Pulse OSM;2
Jamie Harrison Guitar - Topic;2
NRG Rocket League;2
Justin Johnson;2
ET Canada;2
Christian Heyl;2
joseph bvr;2
Music by Blanks;2
Netflix;2
Towa Bird;2
Old Guy Reactions;2
Fingerstyle Club;2
Let'sPlayGuitar!;2
Rob Galley;2
GrowWithGuitar;2
justinbnewscom;2
Revista Dianeris;2
Billie Eilish;2
Paul Rahme;2
Robinson-Stone;2
Reggie714;2
Genius;2
goldinsounds;2
Toma Nikolov;2
Guy Michelmore;2
Corpse Husband;2
Adam Neely;2
Brian Kelly;2
Improvise For Real;2
Kai Perkins;2
CLA Woo;2
Charlie Puth;2
NRG Esports;2
angela450nyc;2
Lorrie  Tolle;2
OperaMyWorld;2
Francesco Parrino Extras;2
RLucra Karaoke TV - High Quality Audio;2
Ivan Dorin;2
Vinheteiro;2
Steve Lungrin;2
Marc Martel;2
Peacock Kids;2
PowerfulJRE;2
OneDirectionVEVO;2
HackerRank;2
Mac Miller;2
wickdeeb;1
Nexus PrO;1
Code Drip by Aaron Jack;1
TopNotch Programmer;1
CS Dojo;1
Kalle Hallden;1
Sebastien Zunino;1
Radio X;1
JKjohnny;1
Frustrated Jacob;1
HiTop Films;1
Eldritch Augur;1
Voiy;1
The King's Academy, WPB, FL;1
Diego Duarte;1
Spill;1
DreamcastGuy;1
Alicia Keys;1
SigalaVEVO;1
PlayStationGrenade;1
Oasis;1
Boiler Room;1
Adele - Topic;1
British GQ;1
Sony Pictures Home Entertainment;1
Looper;1
Diligent Dev;1
Jess Glynne;1
Vevo UK;1
The Sin Squad;1
Gaming with Griff Griffin;1
SunnyDeeDee;1
WIRED;1
OnMusicGlee2;1
WatchMojo.com;1
Doctor Esport;1
Maro;1
Bitesize Piano;1
Matt Hylom;1
OneFreeMan316;1
h3h3Productions;1
BackingTracksMusic;1
MusicArt;1
letecheur Christophe;1
Nerdist;1
Nick Animation;1
Cr1TiKaL Full Streams - Random Videos;1
BuzzFeed Multiplayer;1
GoncaloCMota;1
JAZZ TUTORIAL;1
Screen Culture;1
LumpusKrampus;1
LazerzZ;1
ColdplayXtra;1
Brake Check Podcast;1
Resero;1
The Hollywood Fix;1
Cameron Bryce;1
kade strunk;1
Louis Weisz;1
The Daily Buzz;1
Conrad Gonzales;1
Vicehrabě Julián;1
Andrés Rivera Espinosa;1
Sony Pictures Entertainment;1
JamesBayVEVO;1
Leon Bridges - Topic;1
Jake Baldino;1
SahaKit;1
TripleJump;1
AP Nerds;1
Cobra Kai;1
Obtenebrator;1
Heavy Spoilers;1
Flicks And The City;1
NerdWire;1
First Cut;1
Blue Lotus;1
YoungRippa59;1
Sebastian Dell'Aria;1
Degenerate Jay;1
Janayna Almeida;1
LionelRichieVEVO;1
jishwa 44;1
o Knightz o;1
GOGO Smith;1
Schaffrillas Productions;1
looker;1
Should You Play It?;1
AvidAlchemist;1
The Small Workshop;1
OfficialQueenRomania;1
Darcy Ahrns;1
Mathilde Miko;1
Moving Soundcloud;1
ArsenalRL;1
Outsyder Radio;1
Sean Dudley;1
Beyond The Trailer;1
Star Wars Theory;1
• grocery •;1
Matt Murray;1
d a d d y;1
Itsjoeboi;1
n0t Riley;1
Mazzy Star - Topic;1
People;1
소니뮤직코리아 Sony Music Korea;1
nunez fahim;1
IMDC;1
sandymark94;1
Hello Future Me;1
Rock N' Roll True Stories;1
FORMULA 1;1
My Fav Celeb;1
EverythingHP;1
Harry Potter Theory;1
Tom Holland Moments;1
Collider;1
StarWarsOnly;1
Beyond The Guitar;1
Robbie Williams;1
Alanah Pearce;1
The Voice Kids UK;1
OasisVEVO;1
Red Hot Chili Peppers;1
Rock Collection Music;1
Nick930;1
Danny Rodd;1
StoopidSponge;1
OMA-MAN;1
DarkViperAU;1
Nemsk;1
Yosuto;1
Warner Records Vault;1
NauticalPhoenix;1
Solar Sands;1
Cringe with Que;1
Simon Lloyd;1
Florian Verhagen;1
The Pop Song Professor;1
Virge;1
Impaulsive;1
ChrisStapletonVEVO;1
Desi Serna Guitar;1
Spill Sesh;1
stephanie park;1
Paul Kellerman;1
Aaron Durham;1
Lil LORDSmusic;1
Universal Pictures;1
Absolute Blues Guitar Lessons;1
patmanshelby;1
Blues Guitar Unleashed;1
Reinaeiry;1
Learning Guitar Now;1
Guitar Lessons BobbyCrispy;1
Forehead Fables Podcast;1
Tus Clases De Guitarra;1
james atherton;1
Gokanaru;1
Rob Cosentino;1
Rocket Sledge;1
eNCA;1
Sceptic;1
ArchieJB;1
Justice Der;1
Izzychalamet;1
Psych IRL;1
FunkensteinJr;1
Jaiden Animations;1
DauntRL;1
Steven In Stereo;1
blueeyes803;1
Alter Bridge;1
LegacyKillaHD;1
WhatCulture Gaming;1
Head Society;1
Nyle Rivers Music Channel;1
Next of Ken;1
Call of Duty;1
kingjaysavage31;1
TheAerosmithVault;1
Steph G;1
kuklinski987;1
John Denver;1
JohnDenverVEVO;1
gizamax;1
One Voice Children's Choir;1
The Music Life Of Michael Jackson;1
TheWhoVEVO;1
JB Production;1
Bart17112001;1
mtbutta;1
kazuki isogai;1
AndreaBocelliVEVO;1
AVATAR Kalki Presents THE MUSE VERSE MegaChannel  Work in Progress;1
twooba;1
David Bennett Piano;1
MsMojo;1
Jeff Buckley - Topic;1
101Facts;1
The Why;1
Evample;1
daniellekat05;1
SRV BRY;1
carrieunderwoodVEVO;1
Primera Fila !;1
MAGCON SubChile;1
mahalodotcom;1
Real Rap With Reynolds;1
helen pirone;1
JAMACASH;1
RihannaVEVO;1
Christina;1
Ichhit Joshi;1
Joseph Vincent;1
Joseph Vincent - Topic;1
TroyeSivanVEVO;1
Martin Garrix - Topic;1
I love Shawn Dolan Cameron;1
AwesomenessTV;1
MAMusic;1
Robert Baker;1
Jamison edits;1
MariahCareyVEVO;1
UK Puthinator;1
IPIDA SOUND;1
VCSOIT;1
bluestarlines;1
Andréa Abreu;1
TriFate;1
Phil Lann;1
ItsAMoney;1
petrichoredt;1
pianojohn113;1
Rockin' Hits;1
Led Zeppelin;1
Eilish Billie;1
Mendes Lyrics;1
That Fire LA;1
Shadow Music;1
Corpsekkuno;1
Nail Guitar - Song Lessons;1
Guitar Interactive Magazine;1
Andertons Music Co;1
CatPick Studios;1
ADDICTED TO GEAR;1
JOLLY;1
Nikhil Pant;1
Alessia Sasso;1
Justin Bieber fan page J;1
Rohit Bhati;1
Spontaneous Story;1
breeeendaaa;1
Zeisix Shorts;1
millyengland;1
Dominique Ruiz;1
Demi Lovato Instastories;1
Hannah Simmons;1
olla-vogala;1
Greg's Guitar Gear;1
BermusikID;1
Vox Amps;1
Ollies Vlogs;1
X Factor Global;1
CallumMcGaw;1
Alejandro;1
gsr28647;1
Cailey;1
David Wallimann;1
Jessica Ricca - Topic;1
CKMusicOnline;1
E! Red Carpet & Award Shows;1
muda x 7 page;1
konrad hovis;1
Miley Cyrus - Topic;1
Rascal Flatts - Topic;1
Famous Vines;1
1091 ON DEMAND;1
Rocket League Streams;1
dotNET;1
MTV;1
SwagLikeBiebs87;1
MaanonCharlotte;1
Bieber Quality;1
Mrs Downey;1
Billie Eilish - Topic;1
freddieMIX;1
Full Circle Music;1
SoulPancake;1
musicwithnopain;1
Rafael Soliman;1
TheRoneZone;1
EasyGuitarHits;1
MusicTheoryForGuitar;1
Tara Simon Studios;1
J O K E R;1
Jova Musique;1
Official W5;1
DundeeBhoy2007;1
MUSICHELPDUDE {MHD};1
1 hour;1
RAFAEL;1
Fat Dino;1
Brian Catuccio Music;1
Melodica Academy;1
Samson Technologies;1
Fujii Kaze;1
F13;1
Alec Chambers;1
AEVAL1977;1
Infamous Yash Show;1
Marianna Pascarella;1
REPLAY;1
Asher Monroe - Topic;1
Easy 2 Play Music;1
DramaAlert;1
Dacept;1
ChilledCow;1
Jason Liu;1
mission2marsden;1
Shelbie Rose;1
Woody;1
IamSkippy Scott Skippy Jessop;1
Marks Piano - PGN Piano;1
ANDREW HUANG;1
Pianote;1
Late Night with Seth Meyers;1
ArianaGrandeVevo;1
SunnyV2;1
Twitch Rerun;1
Life Stories By Goalcast;1
Samantha Harvey;1
Tiffany Day;1
Liam St. John;1
Erik C 'Piano Man';1
Rick22228;1
TheDreRock;1
Natsumi Editz;1
MusicalBasics TV;1
Nerdwriter1;1
Digital Vinyl;1
IGUDESMAN JOO;1
stonempc;1
JRM;1
Mark;1
FlamingFretboard;1
blackdockers;1
Katherine Chambers;1
Lectures by Walter Lewin. They will make you ♥ Physics.;1
Chris DeLeon of HomeTeam GameDev;1
smallgoblin;1
OTV Highlights & Best Plays;1
Tori Chitic;1
Girls With Guns;1
Ryoya Takashima;1
Savagethug Crash;1
Wonk Labs;1
Dennis Bottero Music;1
Hi Everybody;1
Ethan Becker;1
Wayton Pilkin;1
JZR;1
Live Aid;1
Alexander Penkov;1
Sweetwater;1
Hélder Palma;1
The Kelly Clarkson Show;1
JoelFan;1
Turtle Interactive;1
Little Angel: Nursery Rhymes & Kids Songs;1
AniBox Trailer Access;1
Sergej Galejev;1
Syl lui;1
RocketLeague Esports VODs;1
Jabrils;1
Andy Troy;1
James Blunt;1
Tim in Singapore;1
The Office;1
jbieberfan285;1
Randumb Memes;1
Anton Nilsson;1
Anton Damhuis;1
hihoohappy;1
marieren;1
UniversalPicsSweden;1
Academy Originals;1
Sing2Guitar | Acoustic Backing Tracks;1
Billy Joel;1
Zach Gelfand;1
Telepathy97;1
EveryOtherBeat;1
B;1
Musicians Inspired;1
EasyMusic;1
TrendTelligence;1
Bieber Malik;1
Sound Post;1
20th Century Studios Thailand;1
Paramount Brasil;1
Xiran Jay Zhao;1
diesel patches;1
Drivr3joe;1
Muselk;1
James Arthur;1
Sam Tompkins;1
Tom Nash;1
